ucr_offense_description,nibrs_crime_category,hate_crime_description,nibrs_crime_against,nibrs_crime,offense_type,nibrs_type,nibrs_code,family_offense,nibrs_group,row_count
,MISCELLANEOUS,None,MISCELLANEOUS,MISCELLANEOUS,,999 - No Coded,999,false,C,228433
,MOTOR VEHICLE THEFT,None,PROPERTY,UUMV,,Coded,240,false,A,98066
,MOTOR VEHICLE THEFT,None,PROPERTY,UUMV,,Not Coded,240,false,A,97657
,LARCENY/ THEFT OFFENSES,None,PROPERTY,THEFT FROM MOTOR VEHICLE,,Coded,23F,false,A,69833
,DESTRUCTION/ DAMAGE/ VANDALISM OF PROPERTY,None,PROPERTY,DESTRUCTION/ DAMAGE/ VANDALISM OF PROPERTY,,Coded,290,false,A,59497
THEFT,,None,,,PART1,,,false,,58780
,DRUG/ NARCOTIC VIOLATIONS,None,SOCIETY,DRUG/ NARCOTIC VIOLATIONS,,Coded,35A,false,A,39045
,LARCENY/ THEFT OFFENSES,None,PROPERTY,ALL OTHER LARCENY,,Coded,23H,false,A,35290
AUTO THEFT - UUMV,,None,,,PART1,,,false,,34313
,ALL OTHER OFFENSES,None,"PERSON, PROPERTY, OR SOCIETY",ALL OTHER OFFENSES,,90Z - No Coded,90Z,false,B,31748
CRIMINAL MISCHIEF/VANDALISM,,None,,,PART2,,,false,,31319
,BURGLARY/ BREAKING & ENTERING,None,PROPERTY,BURGLARY-BUSINESS,,Coded,220,false,A,30000
BURGLARY,,None,,,PART1,,,false,,26472
,LARCENY/ THEFT OFFENSES,None,PROPERTY,THEFT FROM MOTOR VEHICLE,,Coded,23F,,A,26440
,LARCENY/ THEFT OFFENSES,None,PROPERTY,THEFT OF MOTOR VEHICLE PARTS OR ACCESSORIES,,Coded,23G,false,A,26038
,MISCELLANEOUS,None,MISCELLANEOUS,MISCELLANEOUS,,999 - No Coded,999,,C,25958
,ASSAULT OFFENSES,None,PERSON,AGG ASSAULT - NFV,,Coded,13A,false,A,23562
,BURGLARY/ BREAKING & ENTERING,None,PROPERTY,BURGLARY-RESIDENCE,,Coded,220,false,A,22540
,TRAFFIC VIOLATION - HAZARDOUS,None,"PERSON, PROPERTY, OR SOCIETY",TRAFFIC VIOLATION - HAZARDOUS,,999 - No Coded,999,false,C,22540
FOUND PROPERTY,,None,,,NOT CODED,,,false,,21928
,LARCENY/ THEFT OFFENSES,None,PROPERTY,ALL OTHER LARCENY,,Coded,23H,,A,20345
,ASSAULT OFFENSES,None,PERSON,SIMPLE ASSAULT,,Coded,13B,false,A,19733
,ASSAULT OFFENSES,None,PERSON,INTIMIDATION,,Coded,13C,false,A,17610
THEFT,LARCENY/ THEFT OFFENSES,None,PROPERTY,THEFT FROM MOTOR VEHICLE,PART1,Coded,23F,false,A,14742
FOUND PROPERTY,MISCELLANEOUS,None,MISCELLANEOUS,MISCELLANEOUS,NOT CODED,999 - No Coded,999,false,C,14646
CRIMINAL MISCHIEF/VANDALISM,DESTRUCTION/ DAMAGE/ VANDALISM OF PROPERTY,None,PROPERTY,DESTRUCTION/ DAMAGE/ VANDALISM OF PROPERTY,PART2,Coded,290,false,A,14183
,ROBBERY,None,PROPERTY,ROBBERY-INDIVIDUAL,,Coded,120,false,A,13752
,LARCENY/ THEFT OFFENSES,None,PROPERTY,SHOPLIFTING,,Coded,23C,,A,11591
,DRIVING UNDER THE INFLUENCE,None,SOCIETY,DUI,,90D - No Coded,90D,false,B,11105
,DESTRUCTION/ DAMAGE/ VANDALISM OF PROPERTY,None,PROPERTY,DESTRUCTION/ DAMAGE/ VANDALISM OF PROPERTY,,Coded,290,,A,11026
,WEAPON LAW VIOLATIONS,None,SOCIETY,WEAPON LAW VIOLATIONS,,Coded,520,false,A,10977
,ALL OTHER OFFENSES,None,"PERSON, PROPERTY, OR SOCIETY",ALL OTHER OFFENSES,,90Z - No Coded,90Z,,B,10905
,PUBLIC INTOXICATION,None,SOCIETY,PUBLIC INTOXICATION,,90E - No Coded,90E,false,B,10318
,PUBLIC INTOXICATION,None,SOCIETY,PUBLIC INTOXICATION,,90Z - No Coded,90Z,false,B,9480
THEFT,LARCENY/ THEFT OFFENSES,None,PROPERTY,ALL OTHER LARCENY,PART1,Coded,23H,false,A,9355
,TRESPASS OF REAL PROPERTY,None,SOCIETY,TRESPASS OF REAL PROPERTY,,90J - No Coded,90J,false,B,9130
ROBBERY,,None,,,PART1,,,false,,8496
AUTO THEFT - UUMV,MOTOR VEHICLE THEFT,None,PROPERTY,UUMV,PART1,Coded,240,false,A,8385
AUTO THEFT - UUMV,MOTOR VEHICLE THEFT,None,PROPERTY,UUMV,PART1,Not Coded,240,false,A,8372
MOTOR VEHICLE ACCIDENT,,None,,,PART2,,,false,,7895
,DRUG/ NARCOTIC VIOLATIONS,None,SOCIETY,DRUG/ NARCOTIC VIOLATIONS,,No Coded,35A,false,A,7852
BURGLARY,BURGLARY/ BREAKING & ENTERING,None,PROPERTY,BURGLARY-RESIDENCE,PART1,Coded,220,false,A,7846
,LARCENY/ THEFT OFFENSES,None,PROPERTY,SHOPLIFTING,,Coded,23C,false,A,7540
,FRAUD OFFENSES,None,PROPERTY,FALSE PRETENSES/ SWINDLE/ CONFIDENCE GAME,,Coded,26A,false,A,6632
,LARCENY/ THEFT OFFENSES,None,PROPERTY,THEFT OF MOTOR VEHICLE PARTS OR ACCESSORIES,,Coded,23G,,A,6536
DRUNK & DISORDERLY,,None,,,PART2,,,false,,6388
ASSAULT,,None,,,PART2,,,false,,6192
,DRUG/ NARCOTIC VIOLATIONS,None,SOCIETY,DRUG EQUIPMENT VIOLATIONS,,Coded,35B,false,A,5675
BURGLARY,BURGLARY/ BREAKING & ENTERING,None,PROPERTY,BURGLARY-BUSINESS,PART1,Coded,220,false,A,5598
OTHER OFFENSES,,None,,,PART2,,,false,,5361
THEFT,LARCENY/ THEFT OFFENSES,None,PROPERTY,THEFT OF MOTOR VEHICLE PARTS OR ACCESSORIES,PART1,Coded,23G,false,A,5335
DRUNK & DISORDERLY,PUBLIC INTOXICATION,None,SOCIETY,PUBLIC INTOXICATION,PART2,90E - No Coded,90E,false,B,5147
THEFT,,Unknown,,,PART1,,,false,,4555
,LARCENY/ THEFT OFFENSES,None,PROPERTY,THEFT OF BUILDING,,Coded,23D,false,A,4534
DISORDERLY CONDUCT,,None,,,PART2,,,false,,4226
,ROBBERY,None,PROPERTY,ROBBERY-BUSINESS,,No Coded,120,false,A,4149
AGGRAVATED ASSAULT,,None,,,PART1,,,false,,4087
MOTOR VEHICLE ACCIDENT,TRAFFIC VIOLATION - HAZARDOUS,None,"PERSON, PROPERTY, OR SOCIETY",TRAFFIC VIOLATION - HAZARDOUS,PART2,999 - No Coded,999,false,C,4058
,ROBBERY,None,PROPERTY,ROBBERY-BUSINESS,,Coded,120,false,A,3764
ROBBERY,ROBBERY,None,PROPERTY,ROBBERY-INDIVIDUAL,PART1,Coded,120,false,A,3593
,,None,,,,NNCode,,false,,3460
CRIMINAL MISCHIEF/VANDALISM,,Unknown,,,PART2,,,false,,3441
,LARCENY/ THEFT OFFENSES,None,PROPERTY,THEFT FROM MOTOR VEHICLE,,No Coded,23F,false,A,3419
SUDDEN DEATH,,None,,,NOT CODED,,,false,,3166
,"FAMILY OFFENSES, NONVIOLENT",None,SOCIETY,"FAMILY OFFENSES, NONVIOLENT",,90F - No Coded,90F,,B,3149
FRAUD,,None,,,PART2,,,false,,3038
ASSAULT,ASSAULT OFFENSES,None,PERSON,SIMPLE ASSAULT,PART2,Coded,13B,false,A,3005
ACCIDENTAL INJURY,,None,,,NOT CODED,,,false,,2961
,DISORDERLY CONDUCT,None,SOCIETY,DISORDERLY CONDUCT,,90C - No Coded,90C,false,B,2767
AGGRAVATED ASSAULT,ASSAULT OFFENSES,None,PERSON,AGG ASSAULT - NFV,PART1,Coded,13A,false,A,2668
,COUNTERFEITING / FORGERY,None,PROPERTY,COUNTERFEITING / FORGERY,,Coded,250,false,A,2653
,ASSAULT OFFENSES,None,PERSON,INTIMIDATION,,Coded,13C,,A,2620
LOST PROPERTY,,None,,,NOT CODED,,,false,,2614
MOTOR VEHICLE THEFT,MOTOR VEHICLE THEFT,None,PROPERTY,UUMV,PART1,Coded,240,false,A,2570
MOTOR VEHICLE THEFT,MOTOR VEHICLE THEFT,None,PROPERTY,UUMV,PART1,Not Coded,240,false,A,2545
,FRAUD OFFENSES,None,PROPERTY,FALSE PRETENSES/ SWINDLE/ CONFIDENCE GAME,,Coded,26A,,A,2295
FORGERY & COUNTERFEIT,,None,,,PART2,,,false,,2228
,FRAUD OFFENSES,None,PROPERTY,CREDIT CARD/ ATM FRAUD,,Coded,26B,false,A,2204
THEFT,LARCENY/ THEFT OFFENSES,None,PROPERTY,SHOPLIFTING,PART1,Coded,23C,false,A,2201
,STOLEN PROPERTY OFFENSES,None,PROPERTY,STOLEN PROPERTY OFFENSES,,Coded,280,false,A,2174
,FRAUD OFFENSES,None,PROPERTY,IDENTITY THEFT,,Coded,26F,false,A,2134
,EMBEZZELMENT,None,PROPERTY,EMBEZZELMENT,,Coded,270,false,A,2072
THEFT,,None,,,NOT CODED,,,false,,2041
CRIMINAL MISCHIEF/VANDALISM,ALL OTHER OFFENSES,None,"PERSON, PROPERTY, OR SOCIETY",ALL OTHER OFFENSES,PART2,90Z - No Coded,90Z,false,B,2022
,DESTRUCTION/ DAMAGE/ VANDALISM OF PROPERTY,None,PROPERTY,DESTRUCTION/ DAMAGE/ VANDALISM OF PROPERTY,,No Coded,290,false,A,1983
,ROBBERY,None,PROPERTY,ROBBERY-INDIVIDUAL,,No Coded,120,false,A,1961
,LARCENY/ THEFT OFFENSES,None,PROPERTY,ALL OTHER LARCENY,,No Coded,23H,,A,1944
,LARCENY/ THEFT OFFENSES,None,PROPERTY,THEFT OF BUILDING,,Coded,23D,,A,1939
SUDDEN DEATH,MISCELLANEOUS,None,MISCELLANEOUS,MISCELLANEOUS,NOT CODED,999 - No Coded,999,false,C,1760
OTHER OFFENSES,ALL OTHER OFFENSES,None,"PERSON, PROPERTY, OR SOCIETY",ALL OTHER OFFENSES,PART2,90Z - No Coded,90Z,false,B,1740
ASSAULT,ASSAULT OFFENSES,None,PERSON,INTIMIDATION,PART2,Coded,13C,false,A,1713
ACCIDENTAL INJURY,MISCELLANEOUS,None,MISCELLANEOUS,MISCELLANEOUS,NOT CODED,999 - No Coded,999,false,C,1679
DISORDERLY CONDUCT,ASSAULT OFFENSES,None,PERSON,INTIMIDATION,PART2,Coded,13C,false,A,1503
OTHER OFFENSES,TRESPASS OF REAL PROPERTY,None,SOCIETY,TRESPASS OF REAL PROPERTY,PART2,90J - No Coded,90J,false,B,1482
LOST PROPERTY,MISCELLANEOUS,None,MISCELLANEOUS,MISCELLANEOUS,NOT CODED,999 - No Coded,999,false,C,1464
AUTO THEFT - UUMV,,Unknown,,,PART1,,,false,,1429
,BURGLARY/ BREAKING & ENTERING,None,PROPERTY,BURGLARY-RESIDENCE,,No Coded,220,false,A,1405
DWI,,None,,,PART2,,,false,,1342
EMBEZZLEMENT,,None,,,PART2,,,false,,1304
NARCOTICS/DRUGS,DRUG/ NARCOTIC VIOLATIONS,None,SOCIETY,DRUG/ NARCOTIC VIOLATIONS,PART2,Coded,35A,false,A,1283
BURGLARY,,Unknown,,,PART1,,,false,,1281
,BURGLARY/ BREAKING & ENTERING,None,PROPERTY,BURGLARY-BUSINESS,,No Coded,220,false,A,1273
,ARSON,None,PROPERTY,ARSON,,Coded,200,false,A,1230
DWI,DRIVING UNDER THE INFLUENCE,None,SOCIETY,DUI,PART2,90D - No Coded,90D,false,B,1222
CRIMINAL MISCHIEF/VANDALISM,DESTRUCTION/ DAMAGE/ VANDALISM OF PROPERTY,Unknown,PROPERTY,DESTRUCTION/ DAMAGE/ VANDALISM OF PROPERTY,PART2,Coded,290,false,A,1213
,TRAFFIC VIOLATION - HAZARDOUS,None,"PERSON, PROPERTY, OR SOCIETY",TRAFFIC VIOLATION - HAZARDOUS,,999 - No Coded,999,,C,1136
ROBBERY,,None,,,NOT CODED,,,false,,1134
NARCOTICS/DRUGS,,None,,,PART2,,,false,,1114
,TRAFFIC VIOLATION - NON HAZARDOUS,None,"PERSON, PROPERTY, OR SOCIETY",TRAFFIC VIOLATION - NON HAZARDOUS,,999 - No Coded,999,false,C,1056
ROBBERY,ROBBERY,None,PROPERTY,ROBBERY-BUSINESS,PART1,Coded,120,false,A,1055
,LARCENY/ THEFT OFFENSES,None,PROPERTY,THEFT FROM MOTOR VEHICLE,,No Coded,23F,,A,1031
,DESTRUCTION/ DAMAGE/ VANDALISM OF PROPERTY,None,PROPERTY,DESTRUCTION/ DAMAGE/ VANDALISM OF PROPERTY,,No Coded,290,,A,990
HOME ACCIDENT,,None,,,NOT CODED,,,false,,964
BURGLARY,,None,,,NOT CODED,,,false,,951
FRAUD,FRAUD OFFENSES,None,PROPERTY,FALSE PRETENSES/ SWINDLE/ CONFIDENCE GAME,PART2,Coded,26A,false,A,851
,ANIMAL OFFENSES,None,SOCIETY,ANIMAL CRUELTY,,Coded,720,false,A,837
THEFT,LARCENY/ THEFT OFFENSES,Unknown,PROPERTY,ALL OTHER LARCENY,PART1,Coded,23H,false,A,814
THEFT,LARCENY/ THEFT OFFENSES,Unknown,PROPERTY,THEFT FROM MOTOR VEHICLE,PART1,Coded,23F,false,A,740
ASSAULT,ASSAULT OFFENSES,None,PERSON,AGG ASSAULT - NFV,PART2,Coded,13A,false,A,736
EMBEZZLEMENT,EMBEZZELMENT,None,PROPERTY,EMBEZZELMENT,PART2,Coded,270,false,A,694
ANIMAL BITE,MISCELLANEOUS,None,MISCELLANEOUS,MISCELLANEOUS,PART2,999 - No Coded,999,false,C,671
,HOMICIDE OFFENSES,None,PERSON,MURDER & NONNEGLIGENT MANSLAUGHTER,,Coded,09A,false,A,667
,LARCENY/ THEFT OFFENSES,None,PROPERTY,ALL OTHER LARCENY,,No Coded,23H,false,A,665
,MISCELLANEOUS,Unknown,MISCELLANEOUS,MISCELLANEOUS,,999 - No Coded,999,false,C,642
,LARCENY/ THEFT OFFENSES,None,PROPERTY,POCKET-PICKING,,Coded,23A,false,A,635
THEFT,LARCENY/ THEFT OFFENSES,Unknown,PROPERTY,THEFT OF MOTOR VEHICLE PARTS OR ACCESSORIES,PART1,Coded,23G,false,A,635
THEFT,LARCENY/ THEFT OFFENSES,None,PROPERTY,THEFT FROM MOTOR VEHICLE,NOT CODED,No Coded,23F,false,A,629
FORGERY & COUNTERFEIT,COUNTERFEITING / FORGERY,None,PROPERTY,COUNTERFEITING / FORGERY,PART2,Coded,250,false,A,618
ANIMAL BITE,,None,,,PART2,,,false,,593
OTHER OFFENSES,MISCELLANEOUS,None,MISCELLANEOUS,MISCELLANEOUS,PART2,999 - No Coded,999,false,C,559
ROBBERY,,Unknown,,,PART1,,,false,,551
HOME ACCIDENT,MISCELLANEOUS,None,MISCELLANEOUS,MISCELLANEOUS,NOT CODED,999 - No Coded,999,false,C,514
ROBBERY,ROBBERY,None,PROPERTY,ROBBERY-INDIVIDUAL,NOT CODED,No Coded,120,false,A,510
,FRAUD OFFENSES,None,PROPERTY,IDENTITY THEFT,,No Coded,26F,false,A,495
FOUND PROPERTY,,Unknown,,,NOT CODED,,,false,,493
,GAMBLING OFFENSES,None,SOCIETY,BETTING/ WAGERING,,Coded,39A,false,A,485
,WEAPON LAW VIOLATIONS,None,SOCIETY,WEAPON LAW VIOLATIONS,,No Coded,520,false,A,465
FRAUD,FRAUD OFFENSES,None,PROPERTY,CREDIT CARD/ ATM FRAUD,PART2,Coded,26B,false,A,461
AGGRAVATED ASSAULT,,Unknown,,,PART1,,,false,,412
,DISORDERLY CONDUCT,None,SOCIETY,DISORDERLY CONDUCT,,90C - No Coded,90C,,B,401
FRAUD,FRAUD OFFENSES,None,PROPERTY,IMPERSONATION,PART2,Coded,26C,false,A,397
AUTO THEFT - UUMV,MOTOR VEHICLE THEFT,Unknown,PROPERTY,UUMV,PART1,Not Coded,240,false,A,379
,LARCENY/ THEFT OFFENSES,None,PROPERTY,THEFT OF MOTOR VEHICLE PARTS OR ACCESSORIES,,No Coded,23G,,A,375
AUTO THEFT - UUMV,MOTOR VEHICLE THEFT,Unknown,PROPERTY,UUMV,PART1,Coded,240,false,A,375
ASSAULT,,Unknown,,,PART2,,,false,,375
WEAPONS,WEAPON LAW VIOLATIONS,None,SOCIETY,WEAPON LAW VIOLATIONS,PART2,Coded,520,false,A,363
,"FAMILY OFFENSES, NONVIOLENT",None,SOCIETY,"FAMILY OFFENSES, NONVIOLENT",,90F - No Coded,90F,false,B,340
,LARCENY/ THEFT OFFENSES,None,PROPERTY,PURSE-SNATCHING,,Coded,23B,false,A,340
,EMBEZZELMENT,None,PROPERTY,EMBEZZELMENT,,Coded,270,,A,340
ARSON,,None,,,PART2,,,false,,337
BURGLARY,BURGLARY/ BREAKING & ENTERING,None,PROPERTY,BURGLARY-RESIDENCE,NOT CODED,No Coded,220,false,A,330
ROBBERY,ROBBERY,None,PROPERTY,ROBBERY-BUSINESS,NOT CODED,No Coded,120,false,A,307
ARSON,,Unknown,,,PART2,,,false,,302
CRIMINAL MISCHIEF/VANDALISM,DESTRUCTION/ DAMAGE/ VANDALISM OF PROPERTY,None,PROPERTY,DESTRUCTION/ DAMAGE/ VANDALISM OF PROPERTY,PART2,No Coded,290,false,A,293
TRAFFIC FATALITY,,None,,,NOT CODED,,,false,,287
DISORDERLY CONDUCT,,Unknown,,,PART2,,,false,,285
,DESTRUCTION/ DAMAGE/ VANDALISM OF PROPERTY,Unknown,PROPERTY,DESTRUCTION/ DAMAGE/ VANDALISM OF PROPERTY,,Coded,290,false,A,275
BURGLARY,BURGLARY/ BREAKING & ENTERING,Unknown,PROPERTY,BURGLARY-RESIDENCE,PART1,Coded,220,false,A,271
,KIDNAPPING/ ABDUCTION,None,PERSON,KIDNAPPING/ ABDUCTION,,Coded,100,false,A,252
WEAPONS,,None,,,PART2,,,false,,241
,FRAUD OFFENSES,None,PROPERTY,WIRE FRAUD,,Coded,26E,false,A,235
,MISCELLANEOUS,,MISCELLANEOUS,MISCELLANEOUS,,999 - No Coded,999,,C,235
,FRAUD OFFENSES,None,PROPERTY,WIRE FRAUD,,Coded,26E,,A,234
BURGLARY,BURGLARY/ BREAKING & ENTERING,None,PROPERTY,BURGLARY-BUSINESS,NOT CODED,No Coded,220,false,A,234
BURGLARY,BURGLARY/ BREAKING & ENTERING,Unknown,PROPERTY,BURGLARY-BUSINESS,PART1,Coded,220,false,A,233
NARCOTICS/DRUGS,DRUG/ NARCOTIC VIOLATIONS,None,SOCIETY,DRUG/ NARCOTIC VIOLATIONS,PART2,No Coded,35A,false,A,231
OTHER OFFENSES,ASSAULT OFFENSES,None,PERSON,INTIMIDATION,PART2,Coded,13C,false,A,228
DISORDERLY CONDUCT,DISORDERLY CONDUCT,None,SOCIETY,DISORDERLY CONDUCT,PART2,90C - No Coded,90C,false,B,211
,LARCENY/ THEFT OFFENSES,None,PROPERTY,THEFT OF COIN-OPERATED MACHINE OR DEVICE,,Coded,23E,false,A,211
FOUND PROPERTY,MISCELLANEOUS,Unknown,MISCELLANEOUS,MISCELLANEOUS,NOT CODED,999 - No Coded,999,false,C,206
FIREARMS ACCIDENT,,None,,,NOT CODED,,,false,,203
,FRAUD OFFENSES,None,PROPERTY,FALSE PRETENSES/ SWINDLE/ CONFIDENCE GAME,,No Coded,26A,false,A,200
FORGERY & COUNTERFEITING,COUNTERFEITING / FORGERY,None,PROPERTY,COUNTERFEITING / FORGERY,PART2,Coded,250,false,A,200
CHILD (OFFENSES AGAINST),,None,,,PART2,,,false,,199
ROBBERY,ROBBERY,Unknown,PROPERTY,ROBBERY-INDIVIDUAL,PART1,Coded,120,false,A,198
AGGRAVATED ASSAULT,ASSAULT OFFENSES,Unknown,PERSON,AGG ASSAULT - NFV,PART1,Coded,13A,false,A,196
,FRAUD OFFENSES,None,PROPERTY,FALSE PRETENSES/ SWINDLE/ CONFIDENCE GAME,,No Coded,26A,,A,191
,LARCENY/ THEFT OFFENSES,None,PROPERTY,POCKET-PICKING,,Coded,23A,,A,189
,FRAUD OFFENSES,None,PROPERTY,CREDIT CARD/ ATM FRAUD,,Coded,26B,,A,189
SUDDEN DEATH,MISCELLANEOUS,,MISCELLANEOUS,MISCELLANEOUS,NOT CODED,999 - No Coded,999,,C,181
TRAFFIC FATALITY,MISCELLANEOUS,None,MISCELLANEOUS,MISCELLANEOUS,NOT CODED,999 - No Coded,999,false,C,180
,MOTOR VEHICLE THEFT,,PROPERTY,UUMV,,Not Coded,240,,A,175
LOST PROPERTY,,Unknown,,,NOT CODED,,,false,,175
THEFT,LARCENY/ THEFT OFFENSES,None,PROPERTY,POCKET-PICKING,PART1,Coded,23A,false,A,169
THEFT,LARCENY/ THEFT OFFENSES,None,PROPERTY,ALL OTHER LARCENY,NOT CODED,No Coded,23H,false,A,166
,STOLEN PROPERTY OFFENSES,None,PROPERTY,STOLEN PROPERTY OFFENSES,,No Coded,280,false,A,162
,MOTOR VEHICLE THEFT,None,PROPERTY,UUMV,,Not Coded,240,,A,162
,MOTOR VEHICLE THEFT,None,PROPERTY,UUMV,,Coded,240,,A,160
THEFT,LARCENY/ THEFT OFFENSES,None,PROPERTY,PURSE-SNATCHING,PART1,Coded,23B,false,A,160
FRAUD,FRAUD OFFENSES,None,PROPERTY,IDENTITY THEFT,PART2,Coded,26F,false,A,160
,LARCENY/ THEFT OFFENSES,Unknown,PROPERTY,THEFT FROM MOTOR VEHICLE,,Coded,23F,false,A,159
,FRAUD OFFENSES,None,PROPERTY,IMPERSONATION,,Coded,26C,false,A,156
MURDER,,None,,,PART1,,,false,,156
ARSON,ARSON,None,PROPERTY,ARSON,PART2,Coded,200,false,A,155
OTHER OFFENSES,,Unknown,,,PART2,,,false,,153
,MOTOR VEHICLE THEFT,Unknown,PROPERTY,UUMV,,Coded,240,false,A,149
,MOTOR VEHICLE THEFT,Unknown,PROPERTY,UUMV,,Not Coded,240,false,A,145
ARSON,ARSON,Unknown,PROPERTY,ARSON,PART2,Coded,200,false,A,143
MOTOR VEHICLE ACCIDENT,,Unknown,,,PART2,,,false,,142
CRIMINAL MISCHIEF/VANDALISM,ALL OTHER OFFENSES,Unknown,"PERSON, PROPERTY, OR SOCIETY",ALL OTHER OFFENSES,PART2,90Z - No Coded,90Z,false,B,136
THEFT,LARCENY/ THEFT OFFENSES,None,PROPERTY,THEFT OF COIN-OPERATED MACHINE OR DEVICE,PART1,Coded,23E,false,A,135
OCCUPATIONAL ACCIDENT,,None,,,NOT CODED,,,false,,134
,LARCENY/ THEFT OFFENSES,None,PROPERTY,THEFT OF MOTOR VEHICLE PARTS OR ACCESSORIES,,No Coded,23G,false,A,132
NO UCR REPORTABLE OFFENSE,,None,,,NOT CODED,,,false,,127
FIREARMS ACCIDENT,MISCELLANEOUS,None,MISCELLANEOUS,MISCELLANEOUS,NOT CODED,999 - No Coded,999,false,C,127
FOUND PROPERTY,,,,,NOT CODED,,,,,126
ASSAULT,ASSAULT OFFENSES,Unknown,PERSON,SIMPLE ASSAULT,PART2,Coded,13B,false,A,125
TRAFFIC,,None,,,PART2,,,false,,122
ACCIDENTAL INJURY,,Unknown,,,NOT CODED,,,false,,118
,ALL OTHER OFFENSES,Unknown,"PERSON, PROPERTY, OR SOCIETY",ALL OTHER OFFENSES,,90Z - No Coded,90Z,false,B,116
MURDER,HOMICIDE OFFENSES,None,PERSON,MURDER & NONNEGLIGENT MANSLAUGHTER,PART1,Coded,09A,false,A,115
,HOMICIDE OFFENSES,None,PERSON,JUSTIFIABLE HOMICIDE,,Coded,09C,false,A,115
TRAFFIC,MISCELLANEOUS,None,MISCELLANEOUS,MISCELLANEOUS,NOT CODED,999 - No Coded,999,false,C,114
FRAUD,,Unknown,,,PART2,,,false,,113
,ASSAULT OFFENSES,Unknown,PERSON,AGG ASSAULT - NFV,,Coded,13A,false,A,110
THEFT,,Unknown,,,NOT CODED,,,false,,106
TRAFFIC,TRAFFIC VIOLATION - NON HAZARDOUS,None,"PERSON, PROPERTY, OR SOCIETY",TRAFFIC VIOLATION - NON HAZARDOUS,PART2,999 - No Coded,999,false,C,102
,LARCENY/ THEFT OFFENSES,None,PROPERTY,THEFT OF BUILDING,,No Coded,23D,false,A,101
SUDDEN DEATH,,,,,NOT CODED,,,,,96
,LARCENY/ THEFT OFFENSES,None,PROPERTY,SHOPLIFTING,,No Coded,23C,,A,95
,DRUG/ NARCOTIC VIOLATIONS,None,SOCIETY,DRUG/ NARCOTIC VIOLATIONS,,Coded,35A,,A,93
CHILD (OFFENSES AGAINST),"FAMILY OFFENSES, NONVIOLENT",None,SOCIETY,"FAMILY OFFENSES, NONVIOLENT",PART2,90F - No Coded,90F,false,B,93
,BURGLARY/ BREAKING & ENTERING,None,PROPERTY,BURGLARY-BUSINESS,,Coded,220,,A,92
,LARCENY/ THEFT OFFENSES,None,PROPERTY,SHOPLIFTING,,No Coded,23C,false,A,89
THEFT,LARCENY/ THEFT OFFENSES,None,PROPERTY,THEFT FROM MOTOR VEHICLE,NOT CODED,Coded,23F,false,A,89
AUTO THEFT - UUMV,,None,,,NOT CODED,,,false,,88
MURDER,,Unknown,,,PART1,,,false,,84
EMBEZZLEMENT,,Unknown,,,PART2,,,false,,83
,TRAFFIC VIOLATION - HAZARDOUS,Unknown,"PERSON, PROPERTY, OR SOCIETY",TRAFFIC VIOLATION - HAZARDOUS,,999 - No Coded,999,false,C,79
CRIMINAL MISCHIEF/VANDALISM,ANIMAL OFFENSES,None,SOCIETY,ANIMAL CRUELTY,PART2,Coded,720,false,A,78
LOST PROPERTY,MISCELLANEOUS,Unknown,MISCELLANEOUS,MISCELLANEOUS,NOT CODED,999 - No Coded,999,false,C,77
,LARCENY/ THEFT OFFENSES,Unknown,PROPERTY,ALL OTHER LARCENY,,Coded,23H,false,A,75
DISORDERLY CONDUCT,ASSAULT OFFENSES,Unknown,PERSON,INTIMIDATION,PART2,Coded,13C,false,A,75
,FRAUD OFFENSES,None,PROPERTY,HACKING/COMPUTER INVASION,,Coded,26G,false,A,73
ROBBERY,,Unknown,,,NOT CODED,,,false,,72
SUDDEN DEATH,,Unknown,,,NOT CODED,,,false,,70
,COUNTERFEITING / FORGERY,None,PROPERTY,COUNTERFEITING / FORGERY,,No Coded,250,false,A,69
TRAFFIC,TRAFFIC VIOLATION - HAZARDOUS,None,"PERSON, PROPERTY, OR SOCIETY",TRAFFIC VIOLATION - HAZARDOUS,PART2,999 - No Coded,999,false,C,69
,HOMICIDE OFFENSES,None,PERSON,NEGLIGENT MANSLAUGHTER,,Coded,09B,false,A,69
,LIQUOR LAW VIOLATIONS,None,SOCIETY,LIQUOR LAW VIOLATIONS,,90G - No Coded,90G,false,B,66
,ASSAULT OFFENSES,Unknown,PERSON,INTIMIDATION,,Coded,13C,false,A,66
THEFT,LARCENY/ THEFT OFFENSES,None,PROPERTY,ALL OTHER LARCENY,NOT CODED,Coded,23H,false,A,63
MOTOR VEHICLE ACCIDENT,TRAFFIC VIOLATION - HAZARDOUS,Unknown,"PERSON, PROPERTY, OR SOCIETY",TRAFFIC VIOLATION - HAZARDOUS,PART2,999 - No Coded,999,false,C,63
,BURGLARY/ BREAKING & ENTERING,Unknown,PROPERTY,BURGLARY-BUSINESS,,Coded,220,false,A,63
,COUNTERFEITING / FORGERY,None,PROPERTY,COUNTERFEITING / FORGERY,,Coded,250,,A,63
,ASSAULT OFFENSES,Unknown,PERSON,SIMPLE ASSAULT,,Coded,13B,false,A,60
,PORNOGRAPHY/ OBSCENE MATERIAL,None,SOCIETY,PORNOGRAPHY/ OBSCENE MATERIAL,,Coded,370,false,A,60
,ROBBERY,Unknown,PROPERTY,ROBBERY-INDIVIDUAL,,Coded,120,false,A,59
FOUND PROPERTY,MISCELLANEOUS,,MISCELLANEOUS,MISCELLANEOUS,NOT CODED,999 - No Coded,999,,C,59
FRAUD,COUNTERFEITING / FORGERY,None,PROPERTY,COUNTERFEITING / FORGERY,PART2,Coded,250,false,A,59
,ASSAULT OFFENSES,None,PERSON,SIMPLE ASSAULT,,Coded,13B,,A,58
FORGERY & COUNTERFEIT,,Unknown,,,PART2,,,false,,58
EMBEZZLEMENT,EMBEZZELMENT,Unknown,PROPERTY,EMBEZZELMENT,PART2,Coded,270,false,A,56
DRUNK & DISORDERLY,PUBLIC INTOXICATION,Unknown,SOCIETY,PUBLIC INTOXICATION,PART2,90E - No Coded,90E,false,B,56
,EXTORTION/ BLACKMAIL,None,PROPERTY,EXTORTION/ BLACKMAIL,,Coded,210,false,A,55
DRUNK & DISORDERLY,,Unknown,,,PART2,,,false,,55
THEFT,LARCENY/ THEFT OFFENSES,None,PROPERTY,THEFT OF MOTOR VEHICLE PARTS OR ACCESSORIES,NOT CODED,No Coded,23G,false,A,54
,ARSON,None,PROPERTY,ARSON,,No Coded,200,false,A,52
SUDDEN DEATH,,,,,NOT CODED,,,false,,52
,LARCENY/ THEFT OFFENSES,None,PROPERTY,THEFT OF BUILDING,,No Coded,23D,,A,51
THEFT,,,,,PART1,,,,,51
,BURGLARY/ BREAKING & ENTERING,Unknown,PROPERTY,BURGLARY-RESIDENCE,,Coded,220,false,A,51
,BURGLARY/ BREAKING & ENTERING,None,PROPERTY,BURGLARY-RESIDENCE,,Coded,220,,A,50
ASSAULT,ASSAULT OFFENSES,Unknown,PERSON,INTIMIDATION,PART2,Coded,13C,false,A,49
,,None,,,,NNCode,,,,48
OTHER OFFENSES,"FAMILY OFFENSES, NONVIOLENT",None,SOCIETY,"FAMILY OFFENSES, NONVIOLENT",PART2,90F - No Coded,90F,false,B,47
,FRAUD OFFENSES,,PROPERTY,CREDIT CARD/ ATM FRAUD,,Coded,26B,,A,47
OCCUPATIONAL ACCIDENT,MISCELLANEOUS,None,MISCELLANEOUS,MISCELLANEOUS,NOT CODED,999 - No Coded,999,false,C,47
AGGRAVATED ASSAULT,,None,,,NOT CODED,,,false,,46
MURDER,HOMICIDE OFFENSES,Unknown,PERSON,MURDER & NONNEGLIGENT MANSLAUGHTER,PART1,Coded,09A,false,A,46
THEFT,LARCENY/ THEFT OFFENSES,Unknown,PROPERTY,SHOPLIFTING,PART1,Coded,23C,false,A,45
OTHER OFFENSES,DISORDERLY CONDUCT,None,SOCIETY,DISORDERLY CONDUCT,PART2,90C - No Coded,90C,false,B,44
,LARCENY/ THEFT OFFENSES,None,PROPERTY,THEFT OF COIN-OPERATED MACHINE OR DEVICE,,Coded,23E,,A,44
,ASSAULT OFFENSES,None,PERSON,INTIMIDATION,,Not Coded,13C,false,A,42
ASSAULT,DRIVING UNDER THE INFLUENCE,None,SOCIETY,DUI,PART2,90D - No Coded,90D,false,B,42
MOTOR VEHICLE ACCIDENT,ALL OTHER OFFENSES,None,"PERSON, PROPERTY, OR SOCIETY",ALL OTHER OFFENSES,PART2,90Z - No Coded,90Z,false,B,42
ACCIDENTAL INJURY,MISCELLANEOUS,Unknown,MISCELLANEOUS,MISCELLANEOUS,NOT CODED,999 - No Coded,999,false,C,40
ROBBERY,ROBBERY,Unknown,PROPERTY,ROBBERY-BUSINESS,PART1,Coded,120,false,A,40
,LARCENY/ THEFT OFFENSES,Unknown,PROPERTY,THEFT OF MOTOR VEHICLE PARTS OR ACCESSORIES,,Coded,23G,false,A,39
BURGLARY,,Unknown,,,NOT CODED,,,false,,39
,LARCENY/ THEFT OFFENSES,,PROPERTY,THEFT FROM MOTOR VEHICLE,,Coded,23F,,A,38
,ASSAULT OFFENSES,None,PERSON,AGG ASSAULT - NFV,,Coded,13A,,A,38
NO UCR REPORTABLE OFFENSE,TRAFFIC VIOLATION - NON HAZARDOUS,None,"PERSON, PROPERTY, OR SOCIETY",TRAFFIC VIOLATION - NON HAZARDOUS,NOT CODED,999 - No Coded,999,false,C,38
,LARCENY/ THEFT OFFENSES,,PROPERTY,ALL OTHER LARCENY,,Coded,23H,,A,36
ASSAULT,ASSAULT OFFENSES,Unknown,PERSON,AGG ASSAULT - NFV,PART2,Coded,13A,false,A,36
,PUBLIC INTOXICATION,Unknown,SOCIETY,PUBLIC INTOXICATION,,90E - No Coded,90E,false,B,34
FORGERY & COUNTERFEIT,COUNTERFEITING / FORGERY,Unknown,PROPERTY,COUNTERFEITING / FORGERY,PART2,Coded,250,false,A,33
,DESTRUCTION/ DAMAGE/ VANDALISM OF PROPERTY,,PROPERTY,DESTRUCTION/ DAMAGE/ VANDALISM OF PROPERTY,,Coded,290,,A,33
,ASSAULT OFFENSES,,PERSON,AGG ASSAULT - NFV,,Coded,13A,,A,33
,ARSON,Unknown,PROPERTY,ARSON,,Coded,200,false,A,33
,FRAUD OFFENSES,None,PROPERTY,CREDIT CARD/ ATM FRAUD,,No Coded,26B,false,A,32
WEAPONS,WEAPON LAW VIOLATIONS,None,SOCIETY,WEAPON LAW VIOLATIONS,PART1,Coded,520,false,A,32
,FRAUD OFFENSES,None,PROPERTY,WELFARE FRAUD,,Coded,26D,false,A,31
,BURGLARY/ BREAKING & ENTERING,,PROPERTY,BURGLARY-BUSINESS,,Coded,220,,A,30
LIQUOR,,None,,,PART2,,,false,,30
DISORDERLY CONDUCT,ASSAULT OFFENSES,None,PERSON,INTIMIDATION,PART2,Not Coded,13C,false,A,30
CRIMINAL MISCHIEF/VANDALISM,DESTRUCTION/ DAMAGE/ VANDALISM OF PROPERTY,Unknown,PROPERTY,DESTRUCTION/ DAMAGE/ VANDALISM OF PROPERTY,PART2,No Coded,290,false,A,30
,ASSAULT OFFENSES,None,PERSON,AGG ASSAULT - FV,,Coded,13A,false,A,30
AUTO THEFT - UUMV,MOTOR VEHICLE THEFT,,PROPERTY,UUMV,PART1,Not Coded,240,,A,29
,FRAUD OFFENSES,None,PROPERTY,IDENTITY THEFT,,Coded,26F,,A,29
,EMBEZZELMENT,None,PROPERTY,EMBEZZELMENT,,No Coded,270,,A,28
AGGRAVATED ASSAULT,ASSAULT OFFENSES,None,PERSON,AGG ASSAULT - NFV,NOT CODED,Coded,13A,false,A,27
,DRUG/ NARCOTIC VIOLATIONS,None,SOCIETY,DRUG EQUIPMENT VIOLATIONS,,No Coded,35B,false,A,27
CRIMINAL MISCHIEF/VANDALISM,,,,,PART2,,,,,26
,ROBBERY,None,PROPERTY,SHOPLIFT CONTACT,,Coded,120,false,A,26
THEFT,LARCENY/ THEFT OFFENSES,Unknown,PROPERTY,THEFT OF COIN-OPERATED MACHINE OR DEVICE,PART1,Coded,23E,false,A,26
,ROBBERY,None,PROPERTY,SHOPLIFT CONTACT,,No Coded,120,false,A,26
,ROBBERY,None,PROPERTY,ROBBERY-BUSINESS,,No Coded,120,,A,26
BURGLARY,,,,,PART1,,,,,26
,ROBBERY,None,PROPERTY,ROBBERY-BUSINESS,,Coded,120,,A,26
,ALL OTHER OFFENSES,,"PERSON, PROPERTY, OR SOCIETY",ALL OTHER OFFENSES,,90Z - No Coded,90Z,,B,26
THEFT,LARCENY/ THEFT OFFENSES,Unknown,PROPERTY,THEFT FROM MOTOR VEHICLE,NOT CODED,No Coded,23F,false,A,25
STOLEN PROPERTY OFFENSES,STOLEN PROPERTY OFFENSES,None,PROPERTY,STOLEN PROPERTY OFFENSES,PART2,Coded,280,false,A,25
,ASSAULT OFFENSES,,PERSON,INTIMIDATION,,Coded,13C,,A,25
,ASSAULT OFFENSES,None,PERSON,INTIMIDATION,,Not Coded,13C,,A,25
SUDDEN DEATH,MISCELLANEOUS,Unknown,MISCELLANEOUS,MISCELLANEOUS,NOT CODED,999 - No Coded,999,false,C,24
,BURGLARY/ BREAKING & ENTERING,,PROPERTY,BURGLARY-RESIDENCE,,Coded,220,,A,23
FRAUD,FRAUD OFFENSES,Unknown,PROPERTY,IMPERSONATION,PART2,Coded,26C,false,A,23
,TRESPASS OF REAL PROPERTY,Unknown,SOCIETY,TRESPASS OF REAL PROPERTY,,90J - No Coded,90J,false,B,22
THEFT,LARCENY/ THEFT OFFENSES,None,PROPERTY,THEFT OF MOTOR VEHICLE PARTS OR ACCESSORIES,NOT CODED,Coded,23G,false,A,22
OTHER OFFENSES,FRAUD OFFENSES,None,PROPERTY,IMPERSONATION,PART2,Coded,26C,false,A,22
ROBBERY,ROBBERY,None,PROPERTY,ROBBERY-INDIVIDUAL,NOT CODED,Coded,120,false,A,21
AGGRAVATED ASSAULT,ASSAULT OFFENSES,None,PERSON,AGG ASSAULT - NFV,PART2,Coded,13A,false,A,21
THEFT,LARCENY/ THEFT OFFENSES,Unknown,PROPERTY,POCKET-PICKING,PART1,Coded,23A,false,A,21
FRAUD,FRAUD OFFENSES,Unknown,PROPERTY,FALSE PRETENSES/ SWINDLE/ CONFIDENCE GAME,PART2,Coded,26A,false,A,20
,EMBEZZELMENT,None,PROPERTY,EMBEZZELMENT,,No Coded,270,false,A,20
ROBBERY,ROBBERY,Unknown,PROPERTY,ROBBERY-INDIVIDUAL,NOT CODED,No Coded,120,false,A,20
NARCOTICS/DRUGS,,Unknown,,,PART2,,,false,,20
FAIL TO ID,ALL OTHER OFFENSES,None,"PERSON, PROPERTY, OR SOCIETY",ALL OTHER OFFENSES,PART2,90Z - No Coded,90Z,false,B,19
,ASSAULT OFFENSES,None,PERSON,AGG ASSAULT - NFV,,COD,13A,false,A,19
INTOXICATION MANSLAUGHTER,DRIVING UNDER THE INFLUENCE,None,SOCIETY,DUI,PART2,90D - No Coded,90D,false,B,18
FIREARMS ACCIDENT,,Unknown,,,NOT CODED,,,false,,18
ASSAULT,ASSAULT OFFENSES,None,PERSON,INTIMIDATION,PART2,Not Coded,13C,false,A,18
,ASSAULT OFFENSES,,PERSON,SIMPLE ASSAULT,,Coded,13B,,A,17
AUTO THEFT - UUMV,,,,,PART1,,,,,17
NARCOTICS/DRUGS,COUNTERFEITING / FORGERY,None,PROPERTY,COUNTERFEITING / FORGERY,PART2,Coded,250,false,A,17
FRAUD,FRAUD OFFENSES,None,PROPERTY,IMPERSONATION,PART2,No Coded,26C,false,A,17
HOME ACCIDENT,,Unknown,,,NOT CODED,,,false,,16
NO UCR REPORTABLE OFFENSE,TRAFFIC VIOLATION - HAZARDOUS,None,"PERSON, PROPERTY, OR SOCIETY",TRAFFIC VIOLATION - HAZARDOUS,NOT CODED,999 - No Coded,999,false,C,16
AUTO THEFT - UUMV,,,,,PART1,,,false,,16
THEFT,LARCENY/ THEFT OFFENSES,None,PROPERTY,SHOPLIFTING,NOT CODED,No Coded,23C,false,A,16
FRAUD,FRAUD OFFENSES,Unknown,PROPERTY,CREDIT CARD/ ATM FRAUD,PART2,Coded,26B,false,A,16
,LARCENY/ THEFT OFFENSES,None,PROPERTY,THEFT OF COIN-OPERATED MACHINE OR DEVICE,,No Coded,23E,,A,16
,FRAUD OFFENSES,,PROPERTY,FALSE PRETENSES/ SWINDLE/ CONFIDENCE GAME,,Coded,26A,,A,15
,DRIVING UNDER THE INFLUENCE,Unknown,SOCIETY,DUI,,90D - No Coded,90D,false,B,15
THEFT,MOTOR VEHICLE THEFT,None,PROPERTY,UUMV,PART1,Not Coded,240,false,A,15
ROBBERY,BURGLARY/ BREAKING & ENTERING,None,PROPERTY,BURGLARY-RESIDENCE,PART1,Coded,220,false,A,15
THEFT,MOTOR VEHICLE THEFT,None,PROPERTY,UUMV,PART1,Coded,240,false,A,15
GAMBLING,,None,,,PART2,,,false,,15
OTHER OFFENSES,ALL OTHER OFFENSES,Unknown,"PERSON, PROPERTY, OR SOCIETY",ALL OTHER OFFENSES,PART2,90Z - No Coded,90Z,false,B,15
,DRUG/ NARCOTIC VIOLATIONS,None,SOCIETY,DRUG/ NARCOTIC VIOLATIONS,,No Coded,35A,,A,15
,ANIMAL OFFENSES,None,SOCIETY,ANIMAL CRUELTY,,No Coded,720,false,A,14
OTHER OFFENSES,ASSAULT OFFENSES,None,PERSON,INTIMIDATION,PART2,Not Coded,13C,false,A,14
,ASSAULT OFFENSES,Anti Asian/Pacific Islander,PERSON,AGG ASSAULT - NFV,,Coded,13A,false,A,14
GAMBLING,GAMBLING OFFENSES,None,SOCIETY,OPERATING/ PROMOTING/ ASSISTING GAMBLING,PART2,Coded,39B,false,A,14
ASSAULT,"FAMILY OFFENSES, NONVIOLENT",None,SOCIETY,"FAMILY OFFENSES, NONVIOLENT",PART2,90F - No Coded,90F,false,B,14
BURGLARY,BURGLARY/ BREAKING & ENTERING,Unknown,PROPERTY,BURGLARY-BUSINESS,NOT CODED,No Coded,220,false,A,13
MOTOR VEHICLE THEFT,MOTOR VEHICLE THEFT,None,PROPERTY,UUMV,NOT CODED,Coded,240,false,A,13
AGGRAVATED ASSAULT,BURGLARY/ BREAKING & ENTERING,None,PROPERTY,BURGLARY-RESIDENCE,PART1,Coded,220,false,A,13
,ASSAULT OFFENSES,Anti Black Or African American,PERSON,INTIMIDATION,,Coded,13C,false,A,13
MOTOR VEHICLE THEFT,MOTOR VEHICLE THEFT,None,PROPERTY,UUMV,NOT CODED,Not Coded,240,false,A,13
,ASSAULT OFFENSES,Anti Homosexual (Gays and Lesbians),PERSON,SIMPLE ASSAULT,,Coded,13B,false,A,13
CRIMINAL MISCHIEF/VANDALISM,,Anti White,,,PART2,,,false,,13
,BRIBERY,None,PROPERTY,BRIBERY,,Coded,510,false,A,13
KIDNAPPING/ABDUCTION,,None,,,PART1,,,false,,13
,PORNOGRAPHY/ OBSCENE MATERIAL,None,SOCIETY,PORNOGRAPHY/ OBSCENE MATERIAL,,No Coded,370,false,A,12
,ASSAULT OFFENSES,None,PERSON,AGG ASSAULT - NFV,,Not Coded,13A,false,A,12
,COUNTERFEITING / FORGERY,,PROPERTY,COUNTERFEITING / FORGERY,,Coded,250,,A,12
ASSAULT,,Anti Black Or African American,,,PART2,,,false,,12
AUTO THEFT - UUMV,,Unknown,,,NOT CODED,,,false,,12
FAIL TO ID,,None,,,PART2,,,false,,12
,ROBBERY,None,PROPERTY,ROBBERY-INDIVIDUAL,,Coded,120,,A,12
OTHER OFFENSES,DRUG/ NARCOTIC VIOLATIONS,None,SOCIETY,DRUG/ NARCOTIC VIOLATIONS,PART2,No Coded,35A,false,A,12
,STOLEN PROPERTY OFFENSES,None,PROPERTY,STOLEN PROPERTY OFFENSES,,Coded,280,,A,12
OTHER OFFENSES,,,,,PART2,,,,,12
OTHER OFFENSES,COUNTERFEITING / FORGERY,None,PROPERTY,COUNTERFEITING / FORGERY,PART2,Coded,250,false,A,12
OTHER OFFENSES,TRESPASS OF REAL PROPERTY,Unknown,SOCIETY,TRESPASS OF REAL PROPERTY,PART2,90J - No Coded,90J,false,B,11
INTOXICATION MANSLAUGHTER,,None,,,PART2,,,false,,11
THEFT,LARCENY/ THEFT OFFENSES,,PROPERTY,ALL OTHER LARCENY,PART1,Coded,23H,,A,11
,ARSON,None,PROPERTY,ARSON,,Coded,200,,A,11
DWI,,Unknown,,,PART2,,,false,,11
THEFT,,,,,PART1,,,false,,10
EMBEZZLEMENT,,,,,PART2,,,,,10
THEFT,,,,,NOT CODED,,,,,10
ASSAULT,,,,,PART2,,,,,10
,ASSAULT OFFENSES,Anti Jewish,PERSON,INTIMIDATION,,Coded,13C,false,A,10
,DESTRUCTION/ DAMAGE/ VANDALISM OF PROPERTY,Unknown,PROPERTY,DESTRUCTION/ DAMAGE/ VANDALISM OF PROPERTY,,No Coded,290,false,A,10
BURGLARY,BURGLARY/ BREAKING & ENTERING,Unknown,PROPERTY,BURGLARY-RESIDENCE,NOT CODED,No Coded,220,false,A,10
WEAPONS,WEAPON LAW VIOLATIONS,None,SOCIETY,WEAPON LAW VIOLATIONS,PART2,No Coded,520,false,A,10
,EXTORTION/ BLACKMAIL,None,PROPERTY,EXTORTION/ BLACKMAIL,,Coded,210,,A,10
,WEAPON LAW VIOLATIONS,None,SOCIETY,WEAPON LAW VIOLATIONS,,Coded,520,,A,9
,LARCENY/ THEFT OFFENSES,Unknown,PROPERTY,SHOPLIFTING,,Coded,23C,false,A,9
,ASSAULT OFFENSES,Anti Homosexual (Gays and Lesbians),PERSON,INTIMIDATION,,Coded,13C,false,A,9
NARCOTICS/DRUGS,DRUG/ NARCOTIC VIOLATIONS,Unknown,SOCIETY,DRUG/ NARCOTIC VIOLATIONS,PART2,Coded,35A,false,A,9
,FRAUD OFFENSES,None,PROPERTY,WIRE FRAUD,,No Coded,26E,false,A,9
AUTO THEFT - UUMV,,Anti White,,,PART1,,,false,,9
CRIMINAL MISCHIEF/VANDALISM,,Anti Homosexual (Gays and Lesbians),,,PART2,,,false,,9
ROBBERY,,,,,PART1,,,,,9
NARCOTICS/DRUGS,,,,,PART2,,,,,9
ASSAULT,,Anti White,,,PART2,,,false,,9
CRIMINAL MISCHIEF/VANDALISM,,Anti Black Or African American,,,PART2,,,false,,9
OTHER OFFENSES,MISCELLANEOUS,Unknown,MISCELLANEOUS,MISCELLANEOUS,PART2,999 - No Coded,999,false,C,9
ANIMAL CRUELTY,ANIMAL OFFENSES,None,SOCIETY,ANIMAL CRUELTY,PART2,Coded,720,false,A,9
,PEEPING TOM,None,SOCIETY,PEEPING TOM,,90H - No Coded,90H,false,B,9
AGGRAVATED ASSAULT,,,,,PART1,,,,,9
THEFT,,Anti White,,,PART1,,,false,,8
OTHER OFFENSES,ASSAULT OFFENSES,Unknown,PERSON,INTIMIDATION,PART2,Coded,13C,false,A,8
DISORDERLY CONDUCT,FRAUD OFFENSES,None,PROPERTY,IMPERSONATION,PART2,Coded,26C,false,A,8
NARCOTICS/DRUGS,FRAUD OFFENSES,None,PROPERTY,FALSE PRETENSES/ SWINDLE/ CONFIDENCE GAME,PART2,Coded,26A,false,A,8
HOME ACCIDENT,MISCELLANEOUS,Unknown,MISCELLANEOUS,MISCELLANEOUS,NOT CODED,999 - No Coded,999,false,C,8
AUTO THEFT - UUMV,MOTOR VEHICLE THEFT,None,PROPERTY,UUMV,NOT CODED,Coded,240,false,A,8
,FRAUD OFFENSES,None,PROPERTY,WELFARE FRAUD,,Coded,26D,,A,8
ANIMAL BITE,MISCELLANEOUS,Unknown,MISCELLANEOUS,MISCELLANEOUS,PART2,999 - No Coded,999,false,C,8
ARSON,ARSON,None,PROPERTY,ARSON,PART2,No Coded,200,false,A,8
ROBBERY,ROBBERY,None,PROPERTY,ROBBERY-INDIVIDUAL,PART1,No Coded,120,false,A,8
KIDNAPPING/ABDUCTION,KIDNAPPING/ ABDUCTION,None,PERSON,KIDNAPPING/ ABDUCTION,PART1,Coded,100,false,A,8
FORGERY & COUNTERFEIT,COUNTERFEITING / FORGERY,None,PROPERTY,COUNTERFEITING / FORGERY,PART2,No Coded,250,false,A,8
,LARCENY/ THEFT OFFENSES,None,PROPERTY,POCKET-PICKING,,No Coded,23A,false,A,8
THEFT,LARCENY/ THEFT OFFENSES,Unknown,PROPERTY,PURSE-SNATCHING,PART1,Coded,23B,false,A,8
,LARCENY/ THEFT OFFENSES,Unknown,PROPERTY,THEFT OF BUILDING,,Coded,23D,false,A,7
THEFT,LARCENY/ THEFT OFFENSES,,PROPERTY,THEFT FROM MOTOR VEHICLE,PART1,Coded,23F,,A,7
ASSAULT,ASSAULT OFFENSES,Unknown,PERSON,INTIMIDATION,PART2,Not Coded,13C,false,A,7
,ASSAULT OFFENSES,Anti Male Homosexual (Gay),PERSON,AGG ASSAULT - NFV,,Coded,13A,false,A,7
ASSAULT,,Anti Homosexual (Gays and Lesbians),,,PART2,,,false,,7
,ASSAULT OFFENSES,Anti Hispanic,PERSON,SIMPLE ASSAULT,,Coded,13B,false,A,7
BURGLARY,BURGLARY/ BREAKING & ENTERING,None,PROPERTY,BURGLARY-RESIDENCE,NOT CODED,Coded,220,false,A,7
,ASSAULT OFFENSES,Anti Transgender,PERSON,SIMPLE ASSAULT,,Coded,13B,false,A,7
,ROBBERY,,PROPERTY,ROBBERY-INDIVIDUAL,,Coded,120,,A,7
,DESTRUCTION/ DAMAGE/ VANDALISM OF PROPERTY,Anti Homosexual (Gays and Lesbians),PROPERTY,DESTRUCTION/ DAMAGE/ VANDALISM OF PROPERTY,,Coded,290,false,A,7
OTHER OFFENSES,FRAUD OFFENSES,None,PROPERTY,FALSE PRETENSES/ SWINDLE/ CONFIDENCE GAME,PART2,Coded,26A,false,A,7
BURGLARY,BURGLARY/ BREAKING & ENTERING,None,PROPERTY,BURGLARY-RESIDENCE,PART1,No Coded,220,false,A,7
,ROBBERY,Unknown,PROPERTY,ROBBERY-BUSINESS,,No Coded,120,false,A,7
,TRESPASS OF REAL PROPERTY,None,SOCIETY,TRESPASS OF REAL PROPERTY,,90J - No Coded,90J,,B,7
,ASSAULT OFFENSES,Anti Black Or African American,PERSON,AGG ASSAULT - NFV,,Coded,13A,false,A,7
,ROBBERY,Unknown,PROPERTY,ROBBERY-BUSINESS,,Coded,120,false,A,7
,DESTRUCTION/ DAMAGE/ VANDALISM OF PROPERTY,Anti Black Or African American,PROPERTY,DESTRUCTION/ DAMAGE/ VANDALISM OF PROPERTY,,Coded,290,false,A,7
CRIMINAL MISCHIEF/VANDALISM,ALL OTHER OFFENSES,,"PERSON, PROPERTY, OR SOCIETY",ALL OTHER OFFENSES,PART2,90Z - No Coded,90Z,,B,7
,GAMBLING OFFENSES,None,SOCIETY,BETTING/ WAGERING,,No Coded,39A,false,A,7
,EMBEZZELMENT,Unknown,PROPERTY,EMBEZZELMENT,,Coded,270,false,A,7
,DISORDERLY CONDUCT,Unknown,SOCIETY,DISORDERLY CONDUCT,,90C - No Coded,90C,false,B,7
FRAUD,FRAUD OFFENSES,None,PROPERTY,FALSE PRETENSES/ SWINDLE/ CONFIDENCE GAME,PART2,No Coded,26A,false,A,7
,COUNTERFEITING / FORGERY,Unknown,PROPERTY,COUNTERFEITING / FORGERY,,Coded,250,false,A,7
ASSAULT,ASSAULT OFFENSES,None,PERSON,AGG ASSAULT - NFV,PART2,Not Coded,13A,false,A,6
THEFT,LARCENY/ THEFT OFFENSES,None,PROPERTY,THEFT FROM MOTOR VEHICLE,PART1,No Coded,23F,false,A,6
FRAUD,FRAUD OFFENSES,None,PROPERTY,IDENTITY THEFT,PART2,No Coded,26F,false,A,6
DWI,DRIVING UNDER THE INFLUENCE,Unknown,SOCIETY,DUI,PART2,90D - No Coded,90D,false,B,6
WEAPONS,,Unknown,,,PART2,,,false,,6
BURGLARY,BURGLARY/ BREAKING & ENTERING,,PROPERTY,BURGLARY-RESIDENCE,PART1,Coded,220,,A,6
OTHER OFFENSES,,Anti White,,,PART2,,,false,,6
,FRAUD OFFENSES,None,PROPERTY,IMPERSONATION,,No Coded,26C,false,A,6
ASSAULT,ASSAULT OFFENSES,,PERSON,SIMPLE ASSAULT,PART2,Coded,13B,,A,6
AGGRAVATED ASSAULT,ASSAULT OFFENSES,,PERSON,AGG ASSAULT - NFV,PART1,Coded,13A,,A,6
,LARCENY/ THEFT OFFENSES,None,PROPERTY,PURSE-SNATCHING,,No Coded,23B,false,A,6
,ASSAULT OFFENSES,None,PERSON,SIMPLE ASSAULT,,Not Coded,13B,false,A,6
AUTO THEFT - UUMV,MOTOR VEHICLE THEFT,None,PROPERTY,UUMV,NOT CODED,Not Coded,240,false,A,6
CRIMINAL MISCHIEF/VANDALISM,DESTRUCTION/ DAMAGE/ VANDALISM OF PROPERTY,Anti Black Or African American,PROPERTY,DESTRUCTION/ DAMAGE/ VANDALISM OF PROPERTY,PART2,Coded,290,false,A,6
,MISCELLANEOUS,Anti White,MISCELLANEOUS,MISCELLANEOUS,,999 - No Coded,999,false,C,6
,DESTRUCTION/ DAMAGE/ VANDALISM OF PROPERTY,Anti Jewish,PROPERTY,DESTRUCTION/ DAMAGE/ VANDALISM OF PROPERTY,,Coded,290,false,A,6
DISORDERLY CONDUCT,DISORDERLY CONDUCT,Unknown,SOCIETY,DISORDERLY CONDUCT,PART2,90C - No Coded,90C,false,B,6
,ASSAULT OFFENSES,None,PERSON,SIMPLE ASSAULT,,COD,13B,false,A,6
,DESTRUCTION/ DAMAGE/ VANDALISM OF PROPERTY,Anti Multi-Racial Group,PROPERTY,DESTRUCTION/ DAMAGE/ VANDALISM OF PROPERTY,,Coded,290,false,A,6
FRAUD,,,,,PART2,,,,,6
CRIMINAL MISCHIEF/VANDALISM,,Anti Jewish,,,PART2,,,false,,6
,ASSAULT OFFENSES,Anti Black Or African American,PERSON,SIMPLE ASSAULT,,Coded,13B,false,A,5
,LARCENY/ THEFT OFFENSES,Unknown,PROPERTY,THEFT FROM MOTOR VEHICLE,,No Coded,23F,false,A,5
AGGRAVATED ASSAULT,ASSAULT OFFENSES,Unknown,PERSON,AGG ASSAULT - NFV,NOT CODED,Coded,13A,false,A,5
,ASSAULT OFFENSES,Anti Male Homosexual (Gay),PERSON,SIMPLE ASSAULT,,Coded,13B,false,A,5
CRIMINAL MISCHIEF/VANDALISM,,Anti Hispanic,,,PART2,,,false,,5
DISORDERLY CONDUCT,,Anti White,,,PART2,,,false,,5
THEFT,LARCENY/ THEFT OFFENSES,Unknown,PROPERTY,THEFT OF MOTOR VEHICLE PARTS OR ACCESSORIES,NOT CODED,No Coded,23G,false,A,5
ASSAULT,ASSAULT OFFENSES,None,PERSON,INTIMIDATION,PART2,COD,13C,false,A,5
,ROBBERY,Unknown,PROPERTY,ROBBERY-INDIVIDUAL,,No Coded,120,false,A,5
,DESTRUCTION/ DAMAGE/ VANDALISM OF PROPERTY,Anti Male Homosexual (Gay),PROPERTY,DESTRUCTION/ DAMAGE/ VANDALISM OF PROPERTY,,Coded,290,false,A,5
,HUMAN TRAFFICKING,None,PERSON,"HUMAN TRAFFICKING, COMMERCIAL SEX ACTS",,Coded,64A,false,A,5
,LARCENY/ THEFT OFFENSES,,PROPERTY,THEFT OF BUILDING,,Coded,23D,,A,5
,CURFEW/ LOITERING/ VAGRANCY VIOLATIONS,None,SOCIETY,CURFEW/ LOITERING/ VAGRANCY VIOLATIONS,,90B - No Coded,90B,false,B,5
,ASSAULT OFFENSES,Anti Hispanic,PERSON,INTIMIDATION,,Coded,13C,false,A,5
,FRAUD OFFENSES,Unknown,PROPERTY,IDENTITY THEFT,,Coded,26F,false,A,5
,DRUG/ NARCOTIC VIOLATIONS,None,SOCIETY,DRUG EQUIPMENT VIOLATIONS,,Coded,35B,,A,5
ANIMAL BITE,,Unknown,,,PART2,,,false,,5
AGGRAVATED ASSAULT,,Anti Black Or African American,,,PART1,,,false,,5
AGGRAVATED ASSAULT,,None,,,PART2,,,false,,5
WEAPONS,WEAPON LAW VIOLATIONS,Unknown,SOCIETY,WEAPON LAW VIOLATIONS,PART2,Coded,520,false,A,5
ASSAULT,,Anti Male Homosexual (Gay),,,PART2,,,false,,5
FRAUD,FRAUD OFFENSES,None,PROPERTY,CREDIT CARD/ ATM FRAUD,PART2,No Coded,26B,false,A,5
AUTO THEFT - UUMV,MOTOR VEHICLE THEFT,None,PROPERTY,UUMV,PART1,Coded,240,,A,5
,FRAUD OFFENSES,,PROPERTY,IDENTITY THEFT,,Coded,26F,,A,5
,ASSAULT OFFENSES,Anti Male Homosexual (Gay),PERSON,INTIMIDATION,,Coded,13C,false,A,5
ASSAULT,DRIVING UNDER THE INFLUENCE,,SOCIETY,DUI,PART2,90D - No Coded,90D,,B,4
,ASSAULT OFFENSES,None,PERSON,INTIMIDATION,,COD,13C,false,A,4
,WEAPON LAW VIOLATIONS,,SOCIETY,WEAPON LAW VIOLATIONS,,Coded,520,,A,4
,FRAUD OFFENSES,None,PROPERTY,CREDIT CARD/ ATM FRAUD,,No Coded,26B,,A,4
CRIMINAL MISCHIEF/VANDALISM,,Anti Other Religion,,,PART2,,,false,,4
THEFT,LARCENY/ THEFT OFFENSES,,PROPERTY,SHOPLIFTING,PART1,Coded,23C,,A,4
BURGLARY,BURGLARY/ BREAKING & ENTERING,None,PROPERTY,BURGLARY-BUSINESS,PART1,No Coded,220,false,A,4
FRAUD,COUNTERFEITING / FORGERY,None,PROPERTY,COUNTERFEITING / FORGERY,PART2,No Coded,250,false,A,4
OTHER OFFENSES,,Anti Multi-Racial Group,,,PART2,,,false,,4
,BURGLARY/ BREAKING & ENTERING,None,PROPERTY,BURGLARY-BUSINESS,,No Coded,220,,A,4
,LARCENY/ THEFT OFFENSES,None,PROPERTY,PURSE-SNATCHING,,Coded,23B,,A,4
,MOTOR VEHICLE THEFT,,PROPERTY,UUMV,,Coded,240,,A,4
AGGRAVATED ASSAULT,ASSAULT OFFENSES,None,PERSON,AGG ASSAULT - NFV,PART1,Not Coded,13A,false,A,4
AUTO THEFT - UUMV,MOTOR VEHICLE THEFT,None,PROPERTY,UUMV,PART1,Not Coded,240,,A,4
,ROBBERY,Anti Homosexual (Gays and Lesbians),PROPERTY,ROBBERY-INDIVIDUAL,,Coded,120,false,A,4
,DRUG/ NARCOTIC VIOLATIONS,,SOCIETY,DRUG/ NARCOTIC VIOLATIONS,,Coded,35A,,A,4
FRAUD,,,,,PART2,,,false,,4
AGGRAVATED ASSAULT,,Unknown,,,NOT CODED,,,false,,4
CRIMINAL MISCHIEF/VANDALISM,DESTRUCTION/ DAMAGE/ VANDALISM OF PROPERTY,,PROPERTY,DESTRUCTION/ DAMAGE/ VANDALISM OF PROPERTY,PART2,Coded,290,,A,4
BURGLARY,BURGLARY/ BREAKING & ENTERING,None,PROPERTY,BURGLARY-BUSINESS,NOT CODED,Coded,220,false,A,4
,FRAUD OFFENSES,None,PROPERTY,HACKING/COMPUTER INVASION,,Coded,26G,,A,4
,DISORDERLY CONDUCT,Anti Black Or African American,SOCIETY,DISORDERLY CONDUCT,,90C - No Coded,90C,false,B,4
FOUND PROPERTY,,Anti White,,,NOT CODED,,,false,,4
CRIMINAL MISCHIEF/VANDALISM,ANIMAL OFFENSES,Unknown,SOCIETY,ANIMAL CRUELTY,PART2,Coded,720,false,A,4
,ASSAULT OFFENSES,Anti Homosexual (Gays and Lesbians),PERSON,AGG ASSAULT - NFV,,Coded,13A,false,A,4
AGGRAVATED ASSAULT,,,,,PART1,,,false,,4
,FRAUD OFFENSES,Unknown,PROPERTY,FALSE PRETENSES/ SWINDLE/ CONFIDENCE GAME,,Coded,26A,false,A,4
DRUNK & DISORDERLY,,,,,PART2,,,,,4
DISORDERLY CONDUCT,,,,,PART2,,,,,4
ROBBERY,,Anti White,,,PART1,,,false,,4
PORNOGRAPHY/OBSCENE MATERIAL,PORNOGRAPHY/ OBSCENE MATERIAL,None,SOCIETY,PORNOGRAPHY/ OBSCENE MATERIAL,PART2,Coded,370,false,A,4
,GAMBLING OFFENSES,None,SOCIETY,OPERATING/ PROMOTING/ ASSISTING GAMBLING,,Coded,39B,false,A,4
FORGERY & COUNTERFEIT,,,,,PART2,,,false,,4
,DRIVING UNDER THE INFLUENCE,,SOCIETY,DUI,,90D - No Coded,90D,,B,4
ASSAULT,ASSAULT OFFENSES,Anti Homosexual (Gays and Lesbians),PERSON,SIMPLE ASSAULT,PART2,Coded,13B,false,A,4
,FRAUD OFFENSES,Unknown,PROPERTY,CREDIT CARD/ ATM FRAUD,,Coded,26B,false,A,4
OTHER OFFENSES,,Anti Other Ethnicity/Natl Origin,,,PART2,,,false,,3
OTHER OFFENSES,DRUG/ NARCOTIC VIOLATIONS,None,SOCIETY,DRUG/ NARCOTIC VIOLATIONS,PART2,Coded,35A,false,A,3
,MISCELLANEOUS,Anti Homosexual (Gays and Lesbians),MISCELLANEOUS,MISCELLANEOUS,,999 - No Coded,999,false,C,3
FIREARMS ACCIDENT,MISCELLANEOUS,Unknown,MISCELLANEOUS,MISCELLANEOUS,NOT CODED,999 - No Coded,999,false,C,3
OTHER OFFENSES,ASSAULT OFFENSES,Unknown,PERSON,INTIMIDATION,PART2,Not Coded,13C,false,A,3
,DRUG/ NARCOTIC VIOLATIONS,Unknown,SOCIETY,DRUG/ NARCOTIC VIOLATIONS,,Coded,35A,false,A,3
,ASSAULT OFFENSES,Anti Transgender,PERSON,AGG ASSAULT - NFV,,Coded,13A,false,A,3
,DISORDERLY CONDUCT,Anti Homosexual (Gays and Lesbians),SOCIETY,DISORDERLY CONDUCT,,90C - No Coded,90C,false,B,3
,DESTRUCTION/ DAMAGE/ VANDALISM OF PROPERTY,Anti Asian/Pacific Islander,PROPERTY,DESTRUCTION/ DAMAGE/ VANDALISM OF PROPERTY,,No Coded,290,false,A,3
,TRESPASS OF REAL PROPERTY,,SOCIETY,TRESPASS OF REAL PROPERTY,,90J - No Coded,90J,,B,3
,KIDNAPPING/ ABDUCTION,None,PERSON,KIDNAPPING/ ABDUCTION,,Coded,100,,A,3
ASSAULT,,,,,PART2,,,false,,3
,HUMAN TRAFFICKING,None,PERSON,"HUMAN TRAFFICKING, INVOLUNTARY SERVITUDE",,Coded,64B,false,A,3
AGGRAVATED ASSAULT,ASSAULT OFFENSES,Unknown,PERSON,AGG ASSAULT - NFV,PART1,Not Coded,13A,false,A,3
,FRAUD OFFENSES,None,PROPERTY,HACKING/COMPUTER INVASION,,No Coded,26G,false,A,3
,ASSAULT OFFENSES,Anti Female Homosexual (Lesbian),PERSON,INTIMIDATION,,Coded,13C,false,A,3
OTHER OFFENSES,,Anti Jewish,,,PART2,,,false,,3
MURDER,,,,,PART1,,,false,,3
AGGRAVATED ASSAULT,,Anti Hispanic,,,PART1,,,false,,3
,ASSAULT OFFENSES,Anti White,PERSON,INTIMIDATION,,Coded,13C,false,A,3
CRIMINAL MISCHIEF/VANDALISM,DESTRUCTION/ DAMAGE/ VANDALISM OF PROPERTY,Anti Homosexual (Gays and Lesbians),PROPERTY,DESTRUCTION/ DAMAGE/ VANDALISM OF PROPERTY,PART2,Coded,290,false,A,3
TRAFFIC,FRAUD OFFENSES,None,PROPERTY,FALSE PRETENSES/ SWINDLE/ CONFIDENCE GAME,PART2,Coded,26A,false,A,3
LIQUOR,LIQUOR LAW VIOLATIONS,None,SOCIETY,LIQUOR LAW VIOLATIONS,PART2,90G - No Coded,90G,false,B,3
KIDNAPPING/ABDUCTION,KIDNAPPING/ ABDUCTION,None,PERSON,KIDNAPPING/ ABDUCTION,PART2,Coded,100,false,A,3
CRIMINAL MISCHIEF/VANDALISM,,Anti Islamic (Muslim),,,PART2,,,false,,3
ROBBERY,,Anti White,,,NOT CODED,,,false,,3
ROBBERY,,Anti Homosexual (Gays and Lesbians),,,PART1,,,false,,3
ARSON,ARSON,Unknown,PROPERTY,ARSON,PART2,No Coded,200,false,A,3
BURGLARY,,,,,PART1,,,false,,3
CRIMINAL MISCHIEF/VANDALISM,DESTRUCTION/ DAMAGE/ VANDALISM OF PROPERTY,Anti Hispanic,PROPERTY,DESTRUCTION/ DAMAGE/ VANDALISM OF PROPERTY,PART2,Coded,290,false,A,3
OTHER OFFENSES,FRAUD OFFENSES,Unknown,PROPERTY,IMPERSONATION,PART2,Coded,26C,false,A,3
AGGRAVATED ASSAULT,BURGLARY/ BREAKING & ENTERING,None,PROPERTY,BURGLARY-RESIDENCE,PART1,No Coded,220,false,A,3
THEFT,LARCENY/ THEFT OFFENSES,None,PROPERTY,THEFT FROM MOTOR VEHICLE,NOT CODED,Coded,23F,,A,3
OTHER OFFENSES,KIDNAPPING/ ABDUCTION,None,PERSON,KIDNAPPING/ ABDUCTION,PART2,Coded,100,false,A,3
,DESTRUCTION/ DAMAGE/ VANDALISM OF PROPERTY,Anti Other Religion,PROPERTY,DESTRUCTION/ DAMAGE/ VANDALISM OF PROPERTY,,Coded,290,false,A,3
,"FAMILY OFFENSES, NONVIOLENT",,SOCIETY,"FAMILY OFFENSES, NONVIOLENT",,90F - No Coded,90F,,B,3
,BURGLARY/ BREAKING & ENTERING,,PROPERTY,BURGLARY-BUSINESS,,No Coded,220,,A,3
ARSON,,,,,PART2,,,,,3
DISORDERLY CONDUCT,,Anti Black Or African American,,,PART2,,,false,,3
ROBBERY,ROBBERY,Unknown,PROPERTY,ROBBERY-BUSINESS,NOT CODED,No Coded,120,false,A,3
DISORDERLY CONDUCT,ASSAULT OFFENSES,Unknown,PERSON,INTIMIDATION,PART2,Not Coded,13C,false,A,3
BURGLARY,BURGLARY/ BREAKING & ENTERING,,PROPERTY,BURGLARY-BUSINESS,PART1,Coded,220,,A,3
,DESTRUCTION/ DAMAGE/ VANDALISM OF PROPERTY,Anti Other Ethnicity/Natl Origin,PROPERTY,DESTRUCTION/ DAMAGE/ VANDALISM OF PROPERTY,,Coded,290,false,A,2
ROBBERY,,,,,PART1,,,false,,2
DISORDERLY CONDUCT,,Anti Islamic (Muslim),,,PART2,,,false,,2
TRAFFIC,,Unknown,,,PART2,,,false,,2
DRUNK &DISORDERLY,,,,,PART2,,,,,2
ASSAULT,,Anti Female Homosexual (Lesbian),,,PART2,,,false,,2
,ANIMAL OFFENSES,None,SOCIETY,ANIMAL CRUELTY,,Coded,720,,A,2
,ASSAULT OFFENSES,Anti Asian/Pacific Islander,PERSON,INTIMIDATION,,Coded,13C,false,A,2
NARCOTICS/DRUGS,DRUG/ NARCOTIC VIOLATIONS,None,SOCIETY,DRUG EQUIPMENT VIOLATIONS,PART2,Coded,35B,false,A,2
AGGRAVATED ASSAULT,ASSAULT OFFENSES,Anti Homosexual (Gays and Lesbians),PERSON,AGG ASSAULT - NFV,PART1,Coded,13A,false,A,2
,ASSAULT OFFENSES,Anti White,PERSON,SIMPLE ASSAULT,,Coded,13B,false,A,2
,MISCELLANEOUS,Anti-Hawaiian Or Other Pacific Islander,MISCELLANEOUS,MISCELLANEOUS,,999 - No Coded,999,false,C,2
,PORNOGRAPHY/ OBSCENE MATERIAL,None,SOCIETY,PORNOGRAPHY/ OBSCENE MATERIAL,,Coded,370,,A,2
FRAUD,FRAUD OFFENSES,,PROPERTY,FALSE PRETENSES/ SWINDLE/ CONFIDENCE GAME,PART2,Coded,26A,,A,2
THEFT,,Anti Other Ethnicity/Natl Origin,,,PART1,,,false,,2
FOUND PROPERTY,,Anti Am. Indian/Alaskan Native,,,NOT CODED,,,false,,2
KIDNAPPING/ABDUCTION,,None,,,NOT CODED,,,false,,2
,MISCELLANEOUS,,MISCELLANEOUS,MISCELLANEOUS,,999 - No Coded,999,false,C,2
,ASSAULT OFFENSES,Anti Hispanic,PERSON,AGG ASSAULT - NFV,,Coded,13A,false,A,2
MOTOR VEHICLE ACCIDENT,TRAFFIC VIOLATION - HAZARDOUS,,"PERSON, PROPERTY, OR SOCIETY",TRAFFIC VIOLATION - HAZARDOUS,PART2,999 - No Coded,999,,C,2
DISORDERLY CONDUCT,ASSAULT OFFENSES,Anti Black Or African American,PERSON,INTIMIDATION,PART2,Coded,13C,false,A,2
ASSAULT,ASSAULT OFFENSES,Anti Black Or African American,PERSON,INTIMIDATION,PART2,Coded,13C,false,A,2
,EMBEZZELMENT,,PROPERTY,EMBEZZELMENT,,Coded,270,,A,2
AUTO THEFT - UUMV,,None,,,PART1,,,,,2
LOST PROPERTY,,,,,NOT CODED,,,,,2
KIDNAPPING/ABDUCTION,,Unknown,,,PART1,,,false,,2
,LARCENY/ THEFT OFFENSES,Anti Jewish,PROPERTY,ALL OTHER LARCENY,,Coded,23H,false,A,2
ROBBERY,ROBBERY,,PROPERTY,ROBBERY-BUSINESS,PART1,Coded,120,,A,2
ACCIDENTAL INJURY,MISCELLANEOUS,,MISCELLANEOUS,MISCELLANEOUS,NOT CODED,999 - No Coded,999,,C,2
THEFT,LARCENY/ THEFT OFFENSES,,PROPERTY,THEFT OF MOTOR VEHICLE PARTS OR ACCESSORIES,PART1,Coded,23G,,A,2
,ASSAULT OFFENSES,Anti Female Homosexual (Lesbian),PERSON,AGG ASSAULT - NFV,,Coded,13A,false,A,2
,BURGLARY/ BREAKING & ENTERING,Unknown,PROPERTY,BURGLARY-RESIDENCE,,No Coded,220,false,A,2
,ASSAULT OFFENSES,Anti Asian/Pacific Islander,PERSON,SIMPLE ASSAULT,,Coded,13B,false,A,2
FOUND PROPERTY,MISCELLANEOUS,Anti White,MISCELLANEOUS,MISCELLANEOUS,NOT CODED,999 - No Coded,999,false,C,2
OTHER OFFENSES,ALL OTHER OFFENSES,,"PERSON, PROPERTY, OR SOCIETY",ALL OTHER OFFENSES,PART2,90Z - No Coded,90Z,,B,2
ASSAULT,ASSAULT OFFENSES,Anti Male Homosexual (Gay),PERSON,SIMPLE ASSAULT,PART2,Coded,13B,false,A,2
CRIMINAL MISCHIEF/VANDALISM,,Anti Multi-Religious Group,,,PART2,,,false,,2
OTHER OFFENSES,,Anti Arab,,,PART2,,,false,,2
,ASSAULT OFFENSES,Anti Arab,PERSON,INTIMIDATION,,Coded,13C,false,A,2
ASSAULT,ASSAULT OFFENSES,Anti Homosexual (Gays and Lesbians),PERSON,INTIMIDATION,PART2,Coded,13C,false,A,2
TRAFFIC FATALITY,MISCELLANEOUS,Unknown,MISCELLANEOUS,MISCELLANEOUS,NOT CODED,999 - No Coded,999,false,C,2
ASSAULT,ASSAULT OFFENSES,Anti Jewish,PERSON,INTIMIDATION,PART2,Not Coded,13C,false,A,2
THEFT,LARCENY/ THEFT OFFENSES,None,PROPERTY,PURSE-SNATCHING,NOT CODED,No Coded,23B,false,A,2
,ALL OTHER OFFENSES,Anti Black Or African American,"PERSON, PROPERTY, OR SOCIETY",ALL OTHER OFFENSES,,90Z - No Coded,90Z,false,B,2
,KIDNAPPING/ ABDUCTION,Unknown,PERSON,KIDNAPPING/ ABDUCTION,,Coded,100,false,A,2
,DESTRUCTION/ DAMAGE/ VANDALISM OF PROPERTY,Anti Catholic,PROPERTY,DESTRUCTION/ DAMAGE/ VANDALISM OF PROPERTY,,Coded,290,false,A,2
ROBBERY,BURGLARY/ BREAKING & ENTERING,None,PROPERTY,BURGLARY-RESIDENCE,NOT CODED,No Coded,220,false,A,2
TRAFFIC FATALITY,MISCELLANEOUS,,MISCELLANEOUS,MISCELLANEOUS,NOT CODED,999 - No Coded,999,,C,2
,MISCELLANEOUS,Anti Other Ethnicity/Natl Origin,MISCELLANEOUS,MISCELLANEOUS,,999 - No Coded,999,false,C,2
DISORDERLY CONDUCT,,Anti Other Ethnicity/Natl Origin,,,PART2,,,false,,2
THEFT,LARCENY/ THEFT OFFENSES,None,PROPERTY,POCKET-PICKING,NOT CODED,No Coded,23A,false,A,2
HUMAN TRAFFICKING,HUMAN TRAFFICKING,None,PERSON,"HUMAN TRAFFICKING, COMMERCIAL SEX ACTS",PART2,Coded,64A,false,A,2
,LARCENY/ THEFT OFFENSES,,PROPERTY,SHOPLIFTING,,Coded,23C,,A,2
,ROBBERY,None,PROPERTY,SHOPLIFT CONTACT,,Coded,120,,A,2
,KIDNAPPING/ ABDUCTION,None,PERSON,KIDNAPPING/ ABDUCTION,,COD,100,false,A,2
OCCUPATIONAL ACCIDENT,,Unknown,,,NOT CODED,,,false,,2
CRIMINAL MISCHIEF/VANDALISM,DESTRUCTION/ DAMAGE/ VANDALISM OF PROPERTY,Anti Jewish,PROPERTY,DESTRUCTION/ DAMAGE/ VANDALISM OF PROPERTY,PART2,Coded,290,false,A,2
ROBBERY,ROBBERY,Unknown,PROPERTY,ROBBERY-INDIVIDUAL,NOT CODED,Coded,120,false,A,2
,TRAFFIC VIOLATION - HAZARDOUS,,"PERSON, PROPERTY, OR SOCIETY",TRAFFIC VIOLATION - HAZARDOUS,,999 - No Coded,999,,C,2
,COUNTERFEITING / FORGERY,None,PROPERTY,COUNTERFEITING / FORGERY,,No Coded,250,,A,2
ASSAULT,,Anti Am. Indian/Alaskan Native,,,PART2,,,false,,2
DISORDERLY CONDUCT,,Anti Homosexual (Gays and Lesbians),,,PART2,,,false,,2
ASSAULT,,Anti Hispanic,,,PART2,,,false,,2
ROBBERY,ROBBERY,Anti Homosexual (Gays and Lesbians),PROPERTY,ROBBERY-INDIVIDUAL,PART1,Coded,120,false,A,2
MOTOR VEHICLE ACCIDENT,ALL OTHER OFFENSES,,"PERSON, PROPERTY, OR SOCIETY",ALL OTHER OFFENSES,PART2,90Z - No Coded,90Z,,B,2
AGGRAVATED ASSAULT,ASSAULT OFFENSES,Anti White,PERSON,AGG ASSAULT - NFV,PART1,Coded,13A,false,A,2
ROBBERY,ROBBERY,Anti Male Homosexual (Gay),PROPERTY,ROBBERY-INDIVIDUAL,PART1,Coded,120,false,A,2
,ASSAULT OFFENSES,Anti Islamic (Muslim),PERSON,SIMPLE ASSAULT,,Coded,13B,false,A,2
,MISCELLANEOUS,Anti Hispanic,MISCELLANEOUS,MISCELLANEOUS,,999 - No Coded,999,false,C,2
,BURGLARY/ BREAKING & ENTERING,Unknown,PROPERTY,BURGLARY-BUSINESS,,No Coded,220,false,A,2
DISORDERLY CONDUCT,,Anti Female Homosexual (Lesbian),,,PART2,,,false,,2
FOUND PROPERTY,,,,,NOT CODED,,,false,,2
DISORDERLY CONDUCT,,Anti Jewish,,,PART2,,,false,,2
ASSAULT,ASSAULT OFFENSES,Anti Hispanic,PERSON,SIMPLE ASSAULT,PART2,Coded,13B,false,A,2
ROBBERY,ROBBERY,Anti White,PROPERTY,ROBBERY-INDIVIDUAL,PART1,Coded,120,false,A,2
DISORDERLY CONDUCT,ALL OTHER OFFENSES,None,"PERSON, PROPERTY, OR SOCIETY",ALL OTHER OFFENSES,PART2,90Z - No Coded,90Z,false,B,2
,FRAUD OFFENSES,None,PROPERTY,IMPERSONATION,,Coded,26C,,A,2
,ASSAULT OFFENSES,,PERSON,AGG ASSAULT - FV,,Coded,13A,,A,2
,WEAPON LAW VIOLATIONS,None,SOCIETY,WEAPON LAW VIOLATIONS,,No Coded,520,,A,2
FORGERY & COUNTERFEIT,COUNTERFEITING / FORGERY,,PROPERTY,COUNTERFEITING / FORGERY,PART2,Coded,250,,A,2
,DESTRUCTION/ DAMAGE/ VANDALISM OF PROPERTY,Anti Hispanic,PROPERTY,DESTRUCTION/ DAMAGE/ VANDALISM OF PROPERTY,,Coded,290,false,A,2
,ROBBERY,None,PROPERTY,SHOPLIFT CONTACT,,No Coded,120,,A,2
,ASSAULT OFFENSES,Anti Other Ethnicity/Natl Origin,PERSON,INTIMIDATION,,Coded,13C,false,A,2
CRIMINAL MISCHIEF/VANDALISM,,Anti Female Homosexual (Lesbian),,,PART2,,,false,,2
OTHER OFFENSES,MISCELLANEOUS,,MISCELLANEOUS,MISCELLANEOUS,PART2,999 - No Coded,999,,C,2
TRAFFIC,FRAUD OFFENSES,,PROPERTY,FALSE PRETENSES/ SWINDLE/ CONFIDENCE GAME,PART2,Coded,26A,,A,2
FORGERY & COUNTERFEITING,COUNTERFEITING / FORGERY,None,PROPERTY,COUNTERFEITING / FORGERY,PART2,No Coded,250,false,A,2
ROBBERY,,Anti Hispanic,,,PART1,,,false,,1
,DESTRUCTION/ DAMAGE/ VANDALISM OF PROPERTY,Anti Multi-Religious Group,PROPERTY,DESTRUCTION/ DAMAGE/ VANDALISM OF PROPERTY,,Coded,290,false,A,1
FORGERY & COUNTERFEIT,,,,,PART2,,,,,1
AIRPLANE,,None,,,NOT CODED,,,false,,1
AGGRAVATED ASSAULT,,Anti Male Homosexual (Gay),,,PART1,,,false,,1
CRIMINAL MISCHIEF/VANDALISM,DESTRUCTION/ DAMAGE/ VANDALISM OF PROPERTY,,PROPERTY,DESTRUCTION/ DAMAGE/ VANDALISM OF PROPERTY,PART2,No Coded,290,,A,1
THEFT,LARCENY/ THEFT OFFENSES,,PROPERTY,PURSE-SNATCHING,NOT CODED,Coded,23B,,A,1
THEFT,LARCENY/ THEFT OFFENSES,Unknown,PROPERTY,THEFT OF MOTOR VEHICLE PARTS OR ACCESSORIES,NOT CODED,Coded,23G,false,A,1
THEFT,LARCENY/ THEFT OFFENSES,Anti Protestant,PROPERTY,THEFT FROM MOTOR VEHICLE,PART1,Coded,23F,false,A,1
ASSAULT,ASSAULT OFFENSES,Unknown,PERSON,AGG ASSAULT - NFV,PART2,Not Coded,13A,false,A,1
AUTO THEFT - UUMV,MOTOR VEHICLE THEFT,,PROPERTY,UUMV,PART1,Coded,240,,A,1
BURGLARY,BURGLARY/ BREAKING & ENTERING,Anti Hispanic,PROPERTY,BURGLARY-RESIDENCE,PART1,Coded,220,false,A,1
TRAFFIC,TRAFFIC VIOLATION - HAZARDOUS,Unknown,"PERSON, PROPERTY, OR SOCIETY",TRAFFIC VIOLATION - HAZARDOUS,PART2,999 - No Coded,999,false,C,1
,"FAMILY OFFENSES, NONVIOLENT",Unknown,SOCIETY,"FAMILY OFFENSES, NONVIOLENT",,90F - No Coded,90F,false,B,1
FORGERY & COUNTERFEIT,,Anti White,,,PART2,,,false,,1
,ASSAULT OFFENSES,Anti Homosexual (Gays and Lesbians),PERSON,INTIMIDATION,,Not Coded,13C,false,A,1
ROBBERY,,Anti Am. Indian/Alaskan Native,,,PART1,,,false,,1
AUTO THEFT - UUMV,,,,,NOT CODED,,,,,1
FOUND PROPERTY,,Anti Protestant,,,NOT CODED,,,false,,1
CHILD (OFFENSES AGAINST),,Unknown,,,PART2,,,false,,1
THEFT,LARCENY/ THEFT OFFENSES,None,PROPERTY,THEFT OF COIN-OPERATED MACHINE OR DEVICE,NOT CODED,No Coded,23E,false,A,1
FRAUD,FRAUD OFFENSES,None,PROPERTY,WIRE FRAUD,PART2,Coded,26E,false,A,1
OTHER OFFENSES,FRAUD OFFENSES,None,PROPERTY,IMPERSONATION,PART2,No Coded,26C,false,A,1
FRAUD,FRAUD OFFENSES,,PROPERTY,IMPERSONATION,PART2,Coded,26C,,A,1
DRUNK & DISORDERLY,PUBLIC INTOXICATION,Anti White,SOCIETY,PUBLIC INTOXICATION,PART2,90E - No Coded,90E,false,B,1
,BURGLARY/ BREAKING & ENTERING,Anti Male Homosexual (Gay),PROPERTY,BURGLARY-RESIDENCE,,Coded,220,false,A,1
FOUND PROPERTY,MISCELLANEOUS,Anti-Hawaiian Or Other Pacific Islander,MISCELLANEOUS,MISCELLANEOUS,NOT CODED,999 - No Coded,999,false,C,1
FRAUD,FRAUD OFFENSES,None,PROPERTY,HACKING/COMPUTER INVASION,PART2,Coded,26G,false,A,1
ROBBERY,ROBBERY,Anti Transgender,PROPERTY,ROBBERY-INDIVIDUAL,PART1,Coded,120,false,A,1
ROBBERY,ROBBERY,Anti Arab,PROPERTY,ROBBERY-INDIVIDUAL,PART1,Coded,120,false,A,1
,DRIVING UNDER THE INFLUENCE,Anti Other Ethnicity/Natl Origin,SOCIETY,DUI,,90D - No Coded,90D,false,B,1
,DRUG/ NARCOTIC VIOLATIONS,Unknown,SOCIETY,DRUG/ NARCOTIC VIOLATIONS,,No Coded,35A,false,A,1
,LARCENY/ THEFT OFFENSES,Unknown,PROPERTY,POCKET-PICKING,,Coded,23A,false,A,1
,DISORDERLY CONDUCT,Anti White,SOCIETY,DISORDERLY CONDUCT,,90C - No Coded,90C,false,B,1
,FRAUD OFFENSES,,PROPERTY,WIRE FRAUD,,Coded,26E,,A,1
OTHER OFFENSES,,,,,PART2,,,false,,1
LOST PROPERTY,,Anti Hispanic,,,NOT CODED,,,false,,1
,ROBBERY,Anti Male Homosexual (Gay),PROPERTY,ROBBERY-INDIVIDUAL,,Coded,120,false,A,1
,MISCELLANEOUS,Anti Jewish,MISCELLANEOUS,MISCELLANEOUS,,999 - No Coded,999,false,C,1
CRIMINAL MISCHIEF/VANDALISM,,Anti Multi-Racial Group,,,PART2,,,false,,1
ROBBERY,,Anti Male Homosexual (Gay),,,PART1,,,false,,1
OTHER OFFENSES,,Anti Black Or African American,,,PART2,,,false,,1
FIREARMS ACCIDENT,MISCELLANEOUS,,MISCELLANEOUS,MISCELLANEOUS,NOT CODED,999 - No Coded,999,,C,1
KIDNAPPING/ABDUCTION,KIDNAPPING/ ABDUCTION,None,PERSON,KIDNAPPING/ ABDUCTION,NOT CODED,Coded,100,false,A,1
THEFT,MOTOR VEHICLE THEFT,Unknown,PROPERTY,UUMV,PART1,Not Coded,240,false,A,1
NARCOTICS/DRUGS,DRUG/ NARCOTIC VIOLATIONS,,SOCIETY,DRUG/ NARCOTIC VIOLATIONS,PART2,Coded,35A,,A,1
ROBBERY,ROBBERY,Anti Other Ethnicity/Natl Origin,PROPERTY,ROBBERY-INDIVIDUAL,NOT CODED,No Coded,120,false,A,1
,MISCELLANEOUS,Anti Male Homosexual (Gay),MISCELLANEOUS,MISCELLANEOUS,,999 - No Coded,999,false,C,1
,DESTRUCTION/ DAMAGE/ VANDALISM OF PROPERTY,Anti Islamic (Muslim),PROPERTY,DESTRUCTION/ DAMAGE/ VANDALISM OF PROPERTY,,Coded,290,false,A,1
,KIDNAPPING/ ABDUCTION,Anti Homosexual (Gays and Lesbians),PERSON,KIDNAPPING/ ABDUCTION,,Coded,100,false,A,1
,ASSAULT OFFENSES,Anti Arab,PERSON,AGG ASSAULT - NFV,,Coded,13A,false,A,1
,FRAUD OFFENSES,None,PROPERTY,WIRE FRAUD,,No Coded,26E,,A,1
,HOMICIDE OFFENSES,None,PERSON,MURDER & NONNEGLIGENT MANSLAUGHTER,,Coded,09A,,A,1
,WEAPON LAW VIOLATIONS,Unknown,SOCIETY,WEAPON LAW VIOLATIONS,,Coded,520,false,A,1
,ARSON,None,PROPERTY,ARSON,,No Coded,200,,A,1
INTOXICATION MANSLAUGHTER,,Unknown,,,PART2,,,false,,1
OTHER OFFENSES,,Anti Islamic (Muslim),,,PART2,,,false,,1
FRAUD,,Anti Jewish,,,PART2,,,false,,1
LOST PROPERTY,,Anti White,,,NOT CODED,,,false,,1
ROBBERY,BURGLARY/ BREAKING & ENTERING,Unknown,PROPERTY,BURGLARY-RESIDENCE,PART1,Coded,220,false,A,1
FRAUD,COUNTERFEITING / FORGERY,,PROPERTY,COUNTERFEITING / FORGERY,PART2,Coded,250,,A,1
ASSAULT,ASSAULT OFFENSES,Anti Arab,PERSON,SIMPLE ASSAULT,PART2,Coded,13B,false,A,1
OTHER OFFENSES,COUNTERFEITING / FORGERY,Unknown,PROPERTY,COUNTERFEITING / FORGERY,PART2,Coded,250,false,A,1
THEFT,LARCENY/ THEFT OFFENSES,Anti White,PROPERTY,THEFT FROM MOTOR VEHICLE,PART1,Coded,23F,false,A,1
OTHER OFFENSES,FRAUD OFFENSES,,PROPERTY,FALSE PRETENSES/ SWINDLE/ CONFIDENCE GAME,PART2,Coded,26A,,A,1
DRUNK & DISORDERLY,PUBLIC INTOXICATION,Anti Other Ethnicity/Natl Origin,SOCIETY,PUBLIC INTOXICATION,PART2,90E - No Coded,90E,false,B,1
TRAFFIC,MISCELLANEOUS,Unknown,MISCELLANEOUS,MISCELLANEOUS,NOT CODED,999 - No Coded,999,false,C,1
,TRAFFIC VIOLATION - NON HAZARDOUS,,"PERSON, PROPERTY, OR SOCIETY",TRAFFIC VIOLATION - NON HAZARDOUS,,999 - No Coded,999,,C,1
,DESTRUCTION/ DAMAGE/ VANDALISM OF PROPERTY,Anti Arab,PROPERTY,DESTRUCTION/ DAMAGE/ VANDALISM OF PROPERTY,,Coded,290,false,A,1
,ASSAULT OFFENSES,Anti Other Ethnicity/Natl Origin,PERSON,SIMPLE ASSAULT,,Coded,13B,false,A,1
,ASSAULT OFFENSES,Unknown,PERSON,AGG ASSAULT - NFV,,Not Coded,13A,false,A,1
,EMBEZZELMENT,Unknown,PROPERTY,EMBEZZELMENT,,No Coded,270,false,A,1
,HUMAN TRAFFICKING,None,PERSON,"HUMAN TRAFFICKING, COMMERCIAL SEX ACTS",,COD,64A,false,A,1
,BRIBERY,None,PROPERTY,BRIBERY,,No Coded,510,false,A,1
BURGLARY,,Anti White,,,PART1,,,false,,1
FOUND PROPERTY,,Anti Hispanic,,,NOT CODED,,,false,,1
,LARCENY/ THEFT OFFENSES,Anti Black Or African American,PROPERTY,THEFT OF BUILDING,,Coded,23D,false,A,1
NO UCR REPORTABLE OFFENSE,,Unknown,,,NOT CODED,,,false,,1
GAMBLING,GAMBLING OFFENSES,None,SOCIETY,OPERATING/ PROMOTING/ ASSISTING GAMBLING,PART2,No Coded,39B,false,A,1
,ASSAULT OFFENSES,Anti Islamic (Muslim),PERSON,INTIMIDATION,,Coded,13C,false,A,1
BURGLARY,BURGLARY/ BREAKING & ENTERING,Anti White,PROPERTY,BURGLARY-RESIDENCE,PART1,Coded,220,false,A,1
AGGRAVATED ASSAULT,ASSAULT OFFENSES,Anti Female Homosexual (Lesbian),PERSON,AGG ASSAULT - NFV,PART1,Coded,13A,false,A,1
THEFT,MOTOR VEHICLE THEFT,Unknown,PROPERTY,UUMV,PART1,Coded,240,false,A,1
FOUND PROPERTY,MISCELLANEOUS,Anti Athieism/Agnostic,MISCELLANEOUS,MISCELLANEOUS,NOT CODED,999 - No Coded,999,false,C,1
CRIMINAL MISCHIEF/VANDALISM,DESTRUCTION/ DAMAGE/ VANDALISM OF PROPERTY,Anti Arab,PROPERTY,DESTRUCTION/ DAMAGE/ VANDALISM OF PROPERTY,PART2,Coded,290,false,A,1
AUTO THEFT - UUMV,MOTOR VEHICLE THEFT,Anti Am. Indian/Alaskan Native,PROPERTY,UUMV,PART1,Coded,240,false,A,1
OTHER OFFENSES,TRESPASS OF REAL PROPERTY,Anti White,SOCIETY,TRESPASS OF REAL PROPERTY,PART2,90J - No Coded,90J,false,B,1
ROBBERY,ROBBERY,Anti Protestant,PROPERTY,ROBBERY-INDIVIDUAL,PART1,Coded,120,false,A,1
,LARCENY/ THEFT OFFENSES,Anti Homosexual (Gays and Lesbians),PROPERTY,ALL OTHER LARCENY,,Coded,23H,false,A,1
,ASSAULT OFFENSES,None,PERSON,INTIMIDATION,,COD,13C,,A,1
THEFT,,Anti White,,,NOT CODED,,,false,,1
NO UCR REPORTABLE OFFENSE,,,,,NOT CODED,,,,,1
ANIMAL BITE,,,,,PART2,,,,,1
,ANIMAL OFFENSES,None,SOCIETY,ANIMAL CRUELTY,,No Coded,720,,A,1
,DISORDERLY CONDUCT,Anti Female Homosexual (Lesbian),SOCIETY,DISORDERLY CONDUCT,,90C - No Coded,90C,false,B,1
THEFT,LARCENY/ THEFT OFFENSES,Unknown,PROPERTY,THEFT OF MOTOR VEHICLE PARTS OR ACCESSORIES,PART1,No Coded,23G,false,A,1
OTHER OFFENSES,ASSAULT OFFENSES,None,PERSON,INTIMIDATION,PART2,COD,13C,false,A,1
THEFT,LARCENY/ THEFT OFFENSES,Unknown,PROPERTY,THEFT FROM MOTOR VEHICLE,NOT CODED,Coded,23F,false,A,1
THEFT,LARCENY/ THEFT OFFENSES,None,PROPERTY,ALL OTHER LARCENY,PART1,No Coded,23H,false,A,1
ROBBERY,ROBBERY,Anti Other Ethnicity/Natl Origin,PROPERTY,ROBBERY-INDIVIDUAL,PART1,Coded,120,false,A,1
THEFT,LARCENY/ THEFT OFFENSES,None,PROPERTY,THEFT OF MOTOR VEHICLE PARTS OR ACCESSORIES,PART1,No Coded,23G,false,A,1
THEFT,LARCENY/ THEFT OFFENSES,None,PROPERTY,PURSE-SNATCHING,NOT CODED,Coded,23B,false,A,1
OTHER OFFENSES,TRESPASS OF REAL PROPERTY,,SOCIETY,TRESPASS OF REAL PROPERTY,PART2,90J - No Coded,90J,,B,1
THEFT,LARCENY/ THEFT OFFENSES,Anti Homosexual (Gays and Lesbians),PROPERTY,ALL OTHER LARCENY,PART1,Coded,23H,false,A,1
AGGRAVATED ASSAULT,ASSAULT OFFENSES,Anti Male Homosexual (Gay),PERSON,AGG ASSAULT - NFV,PART1,Coded,13A,false,A,1
AUTO THEFT - UUMV,MOTOR VEHICLE THEFT,Anti Physical Disability,PROPERTY,UUMV,PART1,Coded,240,false,A,1
ROBBERY,ROBBERY,Anti Male Homosexual (Gay),PROPERTY,ROBBERY-INDIVIDUAL,NOT CODED,No Coded,120,false,A,1
GAMBLING,GAMBLING OFFENSES,None,SOCIETY,BETTING/ WAGERING,PART2,Coded,39A,false,A,1
AUTO THEFT - UUMV,MOTOR VEHICLE THEFT,Anti Physical Disability,PROPERTY,UUMV,PART1,Not Coded,240,false,A,1
,HOMICIDE OFFENSES,None,PERSON,JUSTIFIABLE HOMICIDE,,Coded,09C,,A,1
,FRAUD OFFENSES,Unknown,PROPERTY,IMPERSONATION,,Coded,26C,false,A,1
,STOLEN PROPERTY OFFENSES,None,PROPERTY,STOLEN PROPERTY OFFENSES,,No Coded,280,,A,1
THEFT,,Anti Jewish,,,PART1,,,false,,1
,DESTRUCTION/ DAMAGE/ VANDALISM OF PROPERTY,Anti Asian/Pacific Islander,PROPERTY,DESTRUCTION/ DAMAGE/ VANDALISM OF PROPERTY,,Coded,290,false,A,1
AGGRAVATED ASSAULT,,Anti Female Homosexual (Lesbian),,,PART1,,,false,,1
DISORDERLY CONDUCT,,Anti Hispanic,,,PART2,,,false,,1
,MISCELLANEOUS,Anti Transgender,MISCELLANEOUS,MISCELLANEOUS,,999 - No Coded,999,false,C,1
,MISCELLANEOUS,Anti Black Or African American,MISCELLANEOUS,MISCELLANEOUS,,999 - No Coded,999,false,C,1
THEFT,LARCENY/ THEFT OFFENSES,,PROPERTY,ALL OTHER LARCENY,NOT CODED,Coded,23H,,A,1
ROBBERY,ROBBERY,,PROPERTY,ROBBERY-INDIVIDUAL,PART1,Coded,120,,A,1
ASSAULT,DESTRUCTION/ DAMAGE/ VANDALISM OF PROPERTY,None,PROPERTY,DESTRUCTION/ DAMAGE/ VANDALISM OF PROPERTY,PART2,Coded,290,false,A,1
EMBEZZLEMENT,EMBEZZELMENT,None,PROPERTY,EMBEZZELMENT,PART2,No Coded,270,false,A,1
OTHER OFFENSES,ASSAULT OFFENSES,Anti Black Or African American,PERSON,INTIMIDATION,PART2,Coded,13C,false,A,1
MURDER,HOMICIDE OFFENSES,None,PERSON,NEGLIGENT MANSLAUGHTER,,Coded,09B,false,A,1
ASSAULT,ASSAULT OFFENSES,Anti Other Ethnicity/Natl Origin,PERSON,INTIMIDATION,PART2,Coded,13C,false,A,1
,BURGLARY/ BREAKING & ENTERING,Anti Multi-Racial Group,PROPERTY,BURGLARY-RESIDENCE,,Coded,220,false,A,1
,PUBLIC INTOXICATION,Anti Arab,SOCIETY,PUBLIC INTOXICATION,,90E - No Coded,90E,false,B,1
BURGLARY,BURGLARY/ BREAKING & ENTERING,None,PROPERTY,BURGLARY-RESIDENCE,PART1,Coded,220,,A,1
MOTOR VEHICLE ACCIDENT,TRAFFIC VIOLATION - HAZARDOUS,Anti Sikh,"PERSON, PROPERTY, OR SOCIETY",TRAFFIC VIOLATION - HAZARDOUS,PART2,999 - No Coded,999,false,C,1
,LARCENY/ THEFT OFFENSES,,PROPERTY,SHOPLIFTING,,No Coded,23C,,A,1
,LARCENY/ THEFT OFFENSES,Unknown,PROPERTY,PURSE-SNATCHING,,Coded,23B,false,A,1
,DISORDERLY CONDUCT,,SOCIETY,DISORDERLY CONDUCT,,90C - No Coded,90C,,B,1
THEFT,,Anti Arab,,,PART1,,,false,,1
MOTOR VEHICLE ACCIDENT,,,,,PART2,,,,,1
,DRUG/ NARCOTIC VIOLATIONS,,SOCIETY,DRUG/ NARCOTIC VIOLATIONS,,No Coded,35A,false,A,1
CRIMINAL MISCHIEF/VANDALISM,,Anti Protestant,,,PART2,,,false,,1
,ASSAULT OFFENSES,Anti Jewish,PERSON,INTIMIDATION,,Not Coded,13C,false,A,1
OTHER OFFENSES,PORNOGRAPHY/ OBSCENE MATERIAL,None,SOCIETY,PORNOGRAPHY/ OBSCENE MATERIAL,PART2,Coded,370,false,A,1
CRIMINAL MISCHIEF/VANDALISM,DESTRUCTION/ DAMAGE/ VANDALISM OF PROPERTY,Anti Multi-Racial Group,PROPERTY,DESTRUCTION/ DAMAGE/ VANDALISM OF PROPERTY,PART2,Coded,290,false,A,1
BURGLARY,BURGLARY/ BREAKING & ENTERING,Anti White,PROPERTY,BURGLARY-BUSINESS,PART1,Coded,220,false,A,1
OTHER OFFENSES,DISORDERLY CONDUCT,,SOCIETY,DISORDERLY CONDUCT,PART2,90C - No Coded,90C,,B,1
FRAUD,COUNTERFEITING / FORGERY,Unknown,PROPERTY,COUNTERFEITING / FORGERY,PART2,Coded,250,false,A,1
TRAFFIC,TRAFFIC VIOLATION - NON HAZARDOUS,Unknown,"PERSON, PROPERTY, OR SOCIETY",TRAFFIC VIOLATION - NON HAZARDOUS,PART2,999 - No Coded,999,false,C,1
CHILD (OFFENSES AGAINST),"FAMILY OFFENSES, NONVIOLENT",,SOCIETY,"FAMILY OFFENSES, NONVIOLENT",PART2,90F - No Coded,90F,,B,1
CRIMINAL MISCHIEF/VANDALISM,DESTRUCTION/ DAMAGE/ VANDALISM OF PROPERTY,Anti Female Homosexual (Lesbian),PROPERTY,DESTRUCTION/ DAMAGE/ VANDALISM OF PROPERTY,PART2,Coded,290,false,A,1
HOME ACCIDENT,MISCELLANEOUS,,MISCELLANEOUS,MISCELLANEOUS,NOT CODED,999 - No Coded,999,,C,1
AGGRAVATED ASSAULT,ASSAULT OFFENSES,Anti Hispanic,PERSON,AGG ASSAULT - NFV,PART1,Coded,13A,false,A,1
OTHER OFFENSES,BRIBERY,None,PROPERTY,BRIBERY,PART2,Coded,510,false,A,1
,DRUG/ NARCOTIC VIOLATIONS,Anti White,SOCIETY,DRUG/ NARCOTIC VIOLATIONS,,No Coded,35A,false,A,1
ANIMAL CRUELTY,ANIMAL OFFENSES,None,SOCIETY,ANIMAL CRUELTY,PART2,No Coded,720,false,A,1
,LARCENY/ THEFT OFFENSES,,PROPERTY,THEFT OF MOTOR VEHICLE PARTS OR ACCESSORIES,,Coded,23G,,A,1
,ASSAULT OFFENSES,Anti White,PERSON,AGG ASSAULT - NFV,,Coded,13A,false,A,1
,DESTRUCTION/ DAMAGE/ VANDALISM OF PROPERTY,,PROPERTY,DESTRUCTION/ DAMAGE/ VANDALISM OF PROPERTY,,No Coded,290,,A,1
DISORDERLY CONDUCT,,,,,PART2,,,false,,1
,DESTRUCTION/ DAMAGE/ VANDALISM OF PROPERTY,Anti Homosexual (Gays and Lesbians),PROPERTY,DESTRUCTION/ DAMAGE/ VANDALISM OF PROPERTY,,No Coded,290,false,A,1
,STOLEN PROPERTY OFFENSES,,PROPERTY,STOLEN PROPERTY OFFENSES,,Coded,280,,A,1
THEFT,,Anti Other Religion,,,PART1,,,false,,1
THEFT,,Anti Protestant,,,PART1,,,false,,1
CRIMINAL MISCHIEF/VANDALISM,,Anti Male Homosexual (Gay),,,PART2,,,false,,1
FOUND PROPERTY,,Anti Jewish,,,NOT CODED,,,false,,1
,LARCENY/ THEFT OFFENSES,,PROPERTY,THEFT FROM MOTOR VEHICLE,,Coded,23F,false,A,1
,BURGLARY/ BREAKING & ENTERING,None,PROPERTY,BURGLARY-RESIDENCE,,No Coded,220,,A,1
THEFT,LARCENY/ THEFT OFFENSES,None,PROPERTY,SHOPLIFTING,NOT CODED,Coded,23C,false,A,1
AGGRAVATED ASSAULT,BURGLARY/ BREAKING & ENTERING,Unknown,PROPERTY,BURGLARY-RESIDENCE,PART1,Coded,220,false,A,1
OTHER OFFENSES,ASSAULT OFFENSES,Anti Arab,PERSON,INTIMIDATION,PART2,Coded,13C,false,A,1
THEFT,LARCENY/ THEFT OFFENSES,,PROPERTY,ALL OTHER LARCENY,NOT CODED,No Coded,23H,,A,1
OTHER OFFENSES,DRUG/ NARCOTIC VIOLATIONS,None,SOCIETY,DRUG EQUIPMENT VIOLATIONS,PART2,Coded,35B,false,A,1
THEFT,LARCENY/ THEFT OFFENSES,None,PROPERTY,POCKET-PICKING,NOT CODED,Coded,23A,false,A,1
TRAFFIC,MISCELLANEOUS,None,MISCELLANEOUS,MISCELLANEOUS,PART2,999 - No Coded,999,false,C,1
ASSAULT,ASSAULT OFFENSES,,PERSON,INTIMIDATION,PART2,Coded,13C,,A,1
,ROBBERY,Anti Multi-Religious Group,PROPERTY,ROBBERY-INDIVIDUAL,,Coded,120,false,A,1
,HOMICIDE OFFENSES,None,PERSON,MURDER & NONNEGLIGENT MANSLAUGHTER,,COD,09A,false,A,1
,ASSAULT OFFENSES,Anti Male,PERSON,AGG ASSAULT - NFV,,Coded,13A,false,A,1
,DRUG/ NARCOTIC VIOLATIONS,Anti Am. Indian/Alaskan Native,SOCIETY,DRUG/ NARCOTIC VIOLATIONS,,Coded,35A,false,A,1
,MISCELLANEOUS,Anti Female Homosexual (Lesbian),MISCELLANEOUS,MISCELLANEOUS,,999 - No Coded,999,false,C,1
CRIMINAL MISCHIEF/VANDALISM,,Anti Other Ethnicity/Natl Origin,,,PART2,,,false,,1
,ASSAULT OFFENSES,Anti Other Religion,PERSON,INTIMIDATION,,Coded,13C,false,A,1
CRIMINAL MISCHIEF/VANDALISM,,Anti Asian/Pacific Islander,,,PART2,,,false,,1
BURGLARY,,,,,NOT CODED,,,,,1
DISORDERLY CONDUCT,,Anti Male Homosexual (Gay),,,PART2,,,false,,1
OTHER OFFENSES,,Anti Hispanic,,,PART2,,,false,,1
BURGLARY,,Anti Other Religion,,,PART1,,,false,,1
FIREARMS ACCIDENT,,,,,NOT CODED,,,,,1
AGGRAVATED ASSAULT,,Anti Asian/Pacific Islander,,,PART1,,,false,,1
OTHER OFFENSES,DISORDERLY CONDUCT,Unknown,SOCIETY,DISORDERLY CONDUCT,PART2,90C - No Coded,90C,false,B,1
CRIMINAL MISCHIEF/VANDALISM,ALL OTHER OFFENSES,Anti White,"PERSON, PROPERTY, OR SOCIETY",ALL OTHER OFFENSES,PART2,90Z - No Coded,90Z,false,B,1
AGGRAVATED ASSAULT,ASSAULT OFFENSES,Anti Black Or African American,PERSON,AGG ASSAULT - NFV,PART1,Coded,13A,false,A,1
CRIMINAL MISCHIEF/VANDALISM,DESTRUCTION/ DAMAGE/ VANDALISM OF PROPERTY,Anti Multi-Religious Group,PROPERTY,DESTRUCTION/ DAMAGE/ VANDALISM OF PROPERTY,PART2,Coded,290,false,A,1
,HOMICIDE OFFENSES,,PERSON,NEGLIGENT MANSLAUGHTER,,Coded,09B,,A,1
,ASSAULT OFFENSES,Anti Physical Disability,PERSON,SIMPLE ASSAULT,,Coded,13B,false,A,1
ASSAULT,ASSAULT OFFENSES,Anti Hispanic,PERSON,INTIMIDATION,PART2,Coded,13C,false,A,1
,DESTRUCTION/ DAMAGE/ VANDALISM OF PROPERTY,Anti Female Homosexual (Lesbian),PROPERTY,DESTRUCTION/ DAMAGE/ VANDALISM OF PROPERTY,,Coded,290,false,A,1
,TRESPASS OF REAL PROPERTY,Anti White,SOCIETY,TRESPASS OF REAL PROPERTY,,90J - No Coded,90J,false,B,1
,TRESPASS OF REAL PROPERTY,Anti Male Homosexual (Gay),SOCIETY,TRESPASS OF REAL PROPERTY,,90J - No Coded,90J,false,B,1
,FRAUD OFFENSES,,PROPERTY,IDENTITY THEFT,,No Coded,26F,,A,1
FORGERY & COUNTERFEIT,LARCENY/ THEFT OFFENSES,None,PROPERTY,ALL OTHER LARCENY,PART2,Coded,23H,false,A,1
NARCOTICS/DRUGS,DRUG/ NARCOTIC VIOLATIONS,None,SOCIETY,DRUG/ NARCOTIC VIOLATIONS,PART2,Coded,35A,,A,1
BURGLARY,BURGLARY/ BREAKING & ENTERING,Anti Multi-Racial Group,PROPERTY,BURGLARY-RESIDENCE,PART1,Coded,220,false,A,1
THEFT,LARCENY/ THEFT OFFENSES,Unknown,PROPERTY,ALL OTHER LARCENY,NOT CODED,No Coded,23H,false,A,1
ASSAULT,ASSAULT OFFENSES,Anti Transgender,PERSON,INTIMIDATION,PART2,Coded,13C,false,A,1
THEFT,LARCENY/ THEFT OFFENSES,None,PROPERTY,POCKET-PICKING,PART1,No Coded,23A,false,A,1
WEAPONS,WEAPON LAW VIOLATIONS,None,SOCIETY,WEAPON LAW VIOLATIONS,PART1,No Coded,520,false,A,1
THEFT,LARCENY/ THEFT OFFENSES,None,PROPERTY,THEFT OF COIN-OPERATED MACHINE OR DEVICE,NOT CODED,Coded,23E,false,A,1
OTHER OFFENSES,WEAPON LAW VIOLATIONS,None,SOCIETY,WEAPON LAW VIOLATIONS,PART2,Coded,520,false,A,1
,DESTRUCTION/ DAMAGE/ VANDALISM OF PROPERTY,Anti Male Homosexual (Gay),PROPERTY,DESTRUCTION/ DAMAGE/ VANDALISM OF PROPERTY,,No Coded,290,false,A,1
DRUNK & DISORDERLY,PUBLIC INTOXICATION,,SOCIETY,PUBLIC INTOXICATION,PART2,90E - No Coded,,,B,1
,EXTORTION/ BLACKMAIL,None,PROPERTY,EXTORTION/ BLACKMAIL,,No Coded,210,false,A,1
,ASSAULT OFFENSES,Anti Multi-Racial Group,PERSON,SIMPLE ASSAULT,,Coded,13B,false,A,1
CRIMINAL MISCHIEF/VANDALISM,,,,,PART2,,,false,,1
DISORDERLY CONDUCT,,Anti Protestant,,,PART2,,,false,,1
TRAFFIC FATALITY,,Unknown,,,NOT CODED,,,false,,1
BURGLARY,,Anti Other Ethnicity/Natl Origin,,,PART1,,,false,,1
OTHER OFFENSES,STOLEN PROPERTY OFFENSES,None,PROPERTY,STOLEN PROPERTY OFFENSES,PART2,Coded,280,false,A,1
CHILD (OFFENSES AGAINST),"FAMILY OFFENSES, NONVIOLENT",Unknown,SOCIETY,"FAMILY OFFENSES, NONVIOLENT",PART2,90F - No Coded,90F,false,B,1
AUTO THEFT - UUMV,MOTOR VEHICLE THEFT,Anti Am. Indian/Alaskan Native,PROPERTY,UUMV,PART1,Not Coded,240,false,A,1
DISORDERLY CONDUCT,ASSAULT OFFENSES,Anti Homosexual (Gays and Lesbians),PERSON,INTIMIDATION,PART2,Coded,13C,false,A,1
CRIMINAL MISCHIEF/VANDALISM,DESTRUCTION/ DAMAGE/ VANDALISM OF PROPERTY,Anti Protestant,PROPERTY,DESTRUCTION/ DAMAGE/ VANDALISM OF PROPERTY,PART2,Coded,290,false,A,1
BRIBERY,BRIBERY,None,PROPERTY,BRIBERY,PART2,Coded,510,false,A,1
,ALL OTHER OFFENSES,Anti Other Ethnicity/Natl Origin,"PERSON, PROPERTY, OR SOCIETY",ALL OTHER OFFENSES,,90Z - No Coded,90Z,false,B,1
,DESTRUCTION/ DAMAGE/ VANDALISM OF PROPERTY,Anti White,PROPERTY,DESTRUCTION/ DAMAGE/ VANDALISM OF PROPERTY,,Coded,290,false,A,1
,LARCENY/ THEFT OFFENSES,Anti Hispanic,PROPERTY,THEFT OF MOTOR VEHICLE PARTS OR ACCESSORIES,,Coded,23G,false,A,1
