report_primary_offense_description,row_count
Disturbance,14142
Non-Injury Collision,13782
Non Criminal Incident,9659
Theft-Shoplift,6709
Welfare Check,6597
Suspicious Activity,5783
Hit and Run Collision,4938
Disorderly Conduct,4522
Criminal Traffic,4306
Theft,4007
Trespassing,3696
Injury Collision,3664
Drugs,3598
Assault - Dv,3576
DUI,3534
Assault,3126
Disorderly Conduct - Dv,3075
Found/Seized Property,2815
Vehicle Burglary,2779
Damage of Property - Substantial Damage,2721
Identity Theft,2055
Mental Health Pick Up,2029
Possess Drug Paraphernalia,1863
Assist Other Agency,1604
Stolen Vehicle,1545
Order of Protection Service,1524
Threats,1498
Civil Traffic,1345
Fraud,1280
Missing and Overdue Party,1218
Runaway,1173
Abandoned Vehicle,1126
Theft From Building,1103
Theft-Vehicle Parts/Accessory,1074
Lost Property,1049
Burglary - No Forced Entry,918
Damage of Property - Insubstantial Damage,859
Damage of Property - Substantial Damage - Dv,842
Sex Offense,838
Liquor Violation,832
Fraudulent Use of Credit Cards,798
Burglary - Forced Entry,785
Private Property Collision,759
Warrant Arrest - Other Agency,748
Aggravated Assault,719
Harassment,709
Death Investigation-Natural,698
Obscene Material,683
Order of Protection Violation - Dv,621
Fraud-By Wire,616
Barking Dog,594
DUI - Extreme,577
Public Order,564
Warrant Arrest,542
Public Peace,539
Order of Protection Violation,493
Death Investigation,457
Theft - Mail/Package,451
Stolen Veh-Recovery Other Jur,425
Aggravated DUI,403
Child/Adult Abuse,390
Swat/Sau Operation,382
Traffic Related,374
Animal Cruelty,365
Theft By Fraud,362
Neighborhood Complaint,356
Threats - Dv,349
Child/Adult Abuse - Dv,341
Dog at Large,324
Robbery,311
Public Sexual Indecency,307
DUI - Drugs,285
Theft From Vehicle,272
Trespassing - Dv,268
Aggravated Assault - Dv,263
Sexual Assault - Rape,257
Stolen Veh-Fail to Return/Pay,255
Family Court Order Violation,254
Unlawful Possession of Weapon,253
Sexual Assault - Force Fondle,253
Health and Safety,250
Organized Retail Theft,248
Liquor Violation - Possession,247
Damage of Property - Insubstantial Damage - Dv,242
Theft-Obt Service W/Out Paying,234
Prohibited Possesser,233
Agg Assault - Officer - No/Minor Injury,228
Death Investigation-Accidental,224
Burglary From Yard,213
Intimidation/Stalking,207
Neglect of Child - Nonviolent,202
Forgery,201
Agg Aslt - Strangulation - Dv,200
Obstruction of Police,182
Death Investigation-Suicide,170
Discharging A Firearm,168
Drugs - Civil,166
Civil Standby,166
Graffiti - Substantial Damage,164
Harassment - Dv,162
Disorderly Conduct - Weapons,160
Extortion,154
Fire Investigation,153
False Reporting,149
Curfew,140
Icac Investigation,138
Graffiti - Insubstantial Damage,132
All Other Court Order Violatio,126
Sexual Exploitation,125
Failure to Obey Police,122
All Other Court Order Violatio - Dv,119
Counterfeiting,119
Theft By Embezzlement,118
Injunc Agnst Harassment Violat,116
Endangerment,114
Vehicle Burglary-Parts/Access,110
Weapons Violation,109
Conservation - Environment,108
Stolen Veh-Trailer Theft,107
Stolen Prop-Possession,96
Sexual Conduct With Minor,90
Vehicle Impound,90
Burglary From Locker,87
Nonviolent Family Offenses,86
Stolen Veh - Possession/Use,83
Prostitution,73
Theft From Yard,70
Forgery of Checks,66
Contrib Delinquency of Minor,64
Reckless Burning,59
Fatal Injury Collision,58
Commercial Sexual Exploitation,57
Nonviolent Family Offenses -Dv,55
Child/Adult Abuse-Sr Inj,55
Sexual Assault - Oral/Sodomy,54
Intimidation/Stalking - Dv,51
Sexual Assault - Rape - Dv,50
Family Court Order Violation - Dv,50
Resisting Arrest,50
Vdo - Tipsoft,49
Purchasing Prostitution,49
Fraud-Bad Checks,48
Child/Adult Abuse-Sr Inj-Dv,46
Vulnerable Adult Abuse,45
Cybertip - Ncmec,43
Stolen Veh-Unauth Use Joyride,43
Voyeurism/Peeping Tom,41
Death Investigation-Undetermnd,40
Computer Tampering,40
Custodial Interference - Dv,38
Arson,38
Burglary From Trailer,37
Contempt of Court,37
Terrorism Threat,36
Impersonation,34
Injunc Agnst Harassment Violat - Dv,33
Sexual Assault - Force Fondle - Dv,32
Custodial Interference,30
Obscene Material - Dv,30
Robbery - Shoplift,28
Concealed Carry Violation,27
Sexual Assault With Object,26
Sex Offender Registration,26
Bomb Threat,22
Endangerment - Dv,22
Aggravated Dv,19
Az Child Abuse Hotline,19
Failure to Appear,17
Smuggle Contraband to Prison,16
Stolen Veh-Misrepresentation,16
Prostitution - Keep House of,15
Stolen Veh-Theft and Sale of,15
2Nd Degree Murder,14
Disorderly Conduct-Weapons-Dv,14
Theft-Pick Pocketing,12
Obstruction of Justice,12
1St Degree Murder,11
Contempt of Court - Dv,11
Loitering,10
Vawa Case,9
Welfare Fraud,9
Voyeurism/Peeping Tom - Dv,9
Kidnap,8
Prostitution-Procure/Entice,8
Robbery-Carjacking,8
Burglary From Vending Machine,8
Sexual Assault - Oral/Sodomy - Dv,8
Liquor Violation - Sell,7
Obstructing An Investigation,7
Conservation - Animals,7
Obscene - Communication,7
Stolen Prop-Sale of,6
Unlawful Imprisonment - Dv,6
Prevent Use of Telephone - Dv,6
Theft From Vending Machine,6
2Nd Degree Murder - Dv,6
Prevent Use of Telephone,5
Vehicular Murder/Manslaughter,5
Agg Assault - Officer - Major Injury,5
Narcotics Parcel Interdiction,5
Human Trafficking - Sex Acts,5
Sexual Assault With Object - Dv,5
Animal Cruelty - Dv,5
Theft-No Force Purse Snatch,5
Kidnap - Dv,4
No Notify,4
Child/Adult Abuse-Sr Inj Ng-Dv,4
Perjury,4
Election Law Violation,4
Escape,4
Conspiracy/Facilitation/Solici,4
1St Degree Murder - Dv,3
Bestiality,3
Possession of Burglary Tools,3
Unlawful Imprisonment,3
Defacing Weapon,2
Witness Tampering,2
Human Trafficking - Servitude,2
Sexual Offense,2
Invasion of Privacy,2
Conservation,1
Stolen Veh-Aircraft Theft,1
Manslaughter,1
Selling Weapons,1
Criminal Damage - Dv,1
Ifcc Complaints,1
Vehicular Murder/Manslaughter - Dv,1
Void Citations/Warnings Only,1
Child/Adult Abuse-Sr Inj Ng,1
Use/Possess Explosives,1
Possession of Forgery Tools,1
Gang Related,1
