nibrs_offense_code_description,nibrs_offense_code,nibrs_crime_against_category,offense_sub_category,offense_category,nibrs_group_a_b,shooting_type_group,offense_id,source_file_uri
Arson,200,PROPERTY,ARSON,PROPERTY CRIME,A,-,7641109326,s3://crimenet-data/raw_files/landing/seattle/occurrence_year=2014/part-00009-tid-4888582482094388601-4bf2ebc9-6283-4da3-9064-ba77e3904313-932-1.c000.snappy.parquet
Destruction/Damage/Vandalism of Property,290,PROPERTY,"PROPERTY OFFENSES (INCLUDES STOLEN, DESTRUCTION)",ALL OTHER,A,-,7647800428,s3://crimenet-data/raw_files/landing/seattle/occurrence_year=2014/part-00009-tid-4888582482094388601-4bf2ebc9-6283-4da3-9064-ba77e3904313-932-1.c000.snappy.parquet
Bad Checks,90A,PROPERTY,EXTORTION/FRAUD/FORGERY/BRIBERY (INCLUDES BAD CHECKS),ALL OTHER,B,-,7663596023,s3://crimenet-data/raw_files/landing/seattle/occurrence_year=2014/part-00009-tid-4888582482094388601-4bf2ebc9-6283-4da3-9064-ba77e3904313-932-1.c000.snappy.parquet
All Other Offenses,90Z,ANY,ALL OTHER,ALL OTHER,B,-,7697047077,s3://crimenet-data/raw_files/landing/seattle/occurrence_year=2014/part-00009-tid-4888582482094388601-4bf2ebc9-6283-4da3-9064-ba77e3904313-932-1.c000.snappy.parquet
All Other Larceny,23H,PROPERTY,LARCENY-THEFT,PROPERTY CRIME,A,-,7652244942,s3://crimenet-data/raw_files/landing/seattle/occurrence_year=2014/part-00009-tid-4888582482094388601-4bf2ebc9-6283-4da3-9064-ba77e3904313-932-1.c000.snappy.parquet
Aggravated Assault,13A,PERSON,AGGRAVATED ASSAULT,VIOLENT CRIME,A,-,7663848992,s3://crimenet-data/raw_files/landing/seattle/occurrence_year=2014/part-00009-tid-4888582482094388601-4bf2ebc9-6283-4da3-9064-ba77e3904313-932-1.c000.snappy.parquet
Theft From Building,23D,PROPERTY,LARCENY-THEFT,PROPERTY CRIME,A,-,7630159624,s3://crimenet-data/raw_files/landing/seattle/occurrence_year=2014/part-00009-tid-4888582482094388601-4bf2ebc9-6283-4da3-9064-ba77e3904313-932-1.c000.snappy.parquet
Aggravated Assault,13A,PERSON,AGGRAVATED ASSAULT,VIOLENT CRIME,A,-,7681804167,s3://crimenet-data/raw_files/landing/seattle/occurrence_year=2014/part-00009-tid-4888582482094388601-4bf2ebc9-6283-4da3-9064-ba77e3904313-932-1.c000.snappy.parquet
Theft From Motor Vehicle,23F,PROPERTY,LARCENY-THEFT,PROPERTY CRIME,A,-,7648364264,s3://crimenet-data/raw_files/landing/seattle/occurrence_year=2014/part-00009-tid-4888582482094388601-4bf2ebc9-6283-4da3-9064-ba77e3904313-932-1.c000.snappy.parquet
Driving Under the Influence,90D,SOCIETY,DUI,ALL OTHER,B,-,7688053071,s3://crimenet-data/raw_files/landing/seattle/occurrence_year=2014/part-00009-tid-4888582482094388601-4bf2ebc9-6283-4da3-9064-ba77e3904313-932-1.c000.snappy.parquet
Motor Vehicle Theft,240,PROPERTY,MOTOR VEHICLE THEFT,PROPERTY CRIME,A,-,7666417229,s3://crimenet-data/raw_files/landing/seattle/occurrence_year=2014/part-00009-tid-4888582482094388601-4bf2ebc9-6283-4da3-9064-ba77e3904313-932-1.c000.snappy.parquet
All Other Larceny,23H,PROPERTY,LARCENY-THEFT,PROPERTY CRIME,A,-,7698468636,s3://crimenet-data/raw_files/landing/seattle/occurrence_year=2014/part-00009-tid-4888582482094388601-4bf2ebc9-6283-4da3-9064-ba77e3904313-932-1.c000.snappy.parquet
Robbery,120,PROPERTY,ROBBERY,VIOLENT CRIME,A,-,7672407053,s3://crimenet-data/raw_files/landing/seattle/occurrence_year=2014/part-00009-tid-4888582482094388601-4bf2ebc9-6283-4da3-9064-ba77e3904313-932-1.c000.snappy.parquet
Intimidation,13C,PERSON,ASSAULT OFFENSES,ALL OTHER,A,-,7693014825,s3://crimenet-data/raw_files/landing/seattle/occurrence_year=2014/part-00009-tid-4888582482094388601-4bf2ebc9-6283-4da3-9064-ba77e3904313-932-1.c000.snappy.parquet
All Other Offenses,90Z,ANY,ALL OTHER,ALL OTHER,B,-,7693988218,s3://crimenet-data/raw_files/landing/seattle/occurrence_year=2014/part-00009-tid-4888582482094388601-4bf2ebc9-6283-4da3-9064-ba77e3904313-932-1.c000.snappy.parquet
Robbery,120,PROPERTY,ROBBERY,VIOLENT CRIME,A,-,7681030915,s3://crimenet-data/raw_files/landing/seattle/occurrence_year=2014/part-00009-tid-4888582482094388601-4bf2ebc9-6283-4da3-9064-ba77e3904313-932-1.c000.snappy.parquet
Theft From Motor Vehicle,23F,PROPERTY,LARCENY-THEFT,PROPERTY CRIME,A,-,7685664490,s3://crimenet-data/raw_files/landing/seattle/occurrence_year=2014/part-00009-tid-4888582482094388601-4bf2ebc9-6283-4da3-9064-ba77e3904313-932-1.c000.snappy.parquet
Destruction/Damage/Vandalism of Property,290,PROPERTY,"PROPERTY OFFENSES (INCLUDES STOLEN, DESTRUCTION)",ALL OTHER,A,-,7675129152,s3://crimenet-data/raw_files/landing/seattle/occurrence_year=2014/part-00009-tid-4888582482094388601-4bf2ebc9-6283-4da3-9064-ba77e3904313-932-1.c000.snappy.parquet
All Other Offenses,90Z,ANY,ALL OTHER,ALL OTHER,B,-,7686863407,s3://crimenet-data/raw_files/landing/seattle/occurrence_year=2014/part-00009-tid-4888582482094388601-4bf2ebc9-6283-4da3-9064-ba77e3904313-932-1.c000.snappy.parquet
Theft From Motor Vehicle,23F,PROPERTY,LARCENY-THEFT,PROPERTY CRIME,A,-,7641333396,s3://crimenet-data/raw_files/landing/seattle/occurrence_year=2014/part-00009-tid-4888582482094388601-4bf2ebc9-6283-4da3-9064-ba77e3904313-932-1.c000.snappy.parquet
Intimidation,13C,PERSON,ASSAULT OFFENSES,ALL OTHER,A,-,7628321117,s3://crimenet-data/raw_files/landing/seattle/occurrence_year=2014/part-00009-tid-4888582482094388601-4bf2ebc9-6283-4da3-9064-ba77e3904313-932-1.c000.snappy.parquet
Theft From Motor Vehicle,23F,PROPERTY,LARCENY-THEFT,PROPERTY CRIME,A,-,7700107153,s3://crimenet-data/raw_files/landing/seattle/occurrence_year=2014/part-00009-tid-4888582482094388601-4bf2ebc9-6283-4da3-9064-ba77e3904313-932-1.c000.snappy.parquet
Burglary/Breaking & Entering,220,PROPERTY,BURGLARY,PROPERTY CRIME,A,-,7688822732,s3://crimenet-data/raw_files/landing/seattle/occurrence_year=2014/part-00009-tid-4888582482094388601-4bf2ebc9-6283-4da3-9064-ba77e3904313-932-1.c000.snappy.parquet
Robbery,120,PROPERTY,ROBBERY,VIOLENT CRIME,A,-,7644603064,s3://crimenet-data/raw_files/landing/seattle/occurrence_year=2014/part-00009-tid-4888582482094388601-4bf2ebc9-6283-4da3-9064-ba77e3904313-932-1.c000.snappy.parquet
All Other Offenses,90Z,ANY,ALL OTHER,ALL OTHER,B,-,7657496185,s3://crimenet-data/raw_files/landing/seattle/occurrence_year=2014/part-00009-tid-4888582482094388601-4bf2ebc9-6283-4da3-9064-ba77e3904313-932-1.c000.snappy.parquet
Burglary/Breaking & Entering,220,PROPERTY,BURGLARY,PROPERTY CRIME,A,-,7686796116,s3://crimenet-data/raw_files/landing/seattle/occurrence_year=2014/part-00009-tid-4888582482094388601-4bf2ebc9-6283-4da3-9064-ba77e3904313-932-1.c000.snappy.parquet
Embezzlement,270,PROPERTY,EXTORTION/FRAUD/FORGERY/BRIBERY (INCLUDES BAD CHECKS),ALL OTHER,A,-,7666812123,s3://crimenet-data/raw_files/landing/seattle/occurrence_year=2014/part-00009-tid-4888582482094388601-4bf2ebc9-6283-4da3-9064-ba77e3904313-932-1.c000.snappy.parquet
Simple Assault,13B,PERSON,ASSAULT OFFENSES,ALL OTHER,A,-,7664060125,s3://crimenet-data/raw_files/landing/seattle/occurrence_year=2014/part-00009-tid-4888582482094388601-4bf2ebc9-6283-4da3-9064-ba77e3904313-932-1.c000.snappy.parquet
Intimidation,13C,PERSON,ASSAULT OFFENSES,ALL OTHER,A,-,7641899912,s3://crimenet-data/raw_files/landing/seattle/occurrence_year=2014/part-00009-tid-4888582482094388601-4bf2ebc9-6283-4da3-9064-ba77e3904313-932-1.c000.snappy.parquet
Shoplifting,23C,PROPERTY,LARCENY-THEFT,PROPERTY CRIME,A,-,7678478515,s3://crimenet-data/raw_files/landing/seattle/occurrence_year=2014/part-00009-tid-4888582482094388601-4bf2ebc9-6283-4da3-9064-ba77e3904313-932-1.c000.snappy.parquet
Motor Vehicle Theft,240,PROPERTY,MOTOR VEHICLE THEFT,PROPERTY CRIME,A,-,7625988072,s3://crimenet-data/raw_files/landing/seattle/occurrence_year=2014/part-00009-tid-4888582482094388601-4bf2ebc9-6283-4da3-9064-ba77e3904313-932-1.c000.snappy.parquet
Destruction/Damage/Vandalism of Property,290,PROPERTY,"PROPERTY OFFENSES (INCLUDES STOLEN, DESTRUCTION)",ALL OTHER,A,Shots Fired (Eyewitness/Casings/Property Damage),7671247970,s3://crimenet-data/raw_files/landing/seattle/occurrence_year=2014/part-00009-tid-4888582482094388601-4bf2ebc9-6283-4da3-9064-ba77e3904313-932-1.c000.snappy.parquet
Theft From Motor Vehicle,23F,PROPERTY,LARCENY-THEFT,PROPERTY CRIME,A,-,7670517296,s3://crimenet-data/raw_files/landing/seattle/occurrence_year=2014/part-00009-tid-4888582482094388601-4bf2ebc9-6283-4da3-9064-ba77e3904313-932-1.c000.snappy.parquet
Theft From Motor Vehicle,23F,PROPERTY,LARCENY-THEFT,PROPERTY CRIME,A,-,7653772783,s3://crimenet-data/raw_files/landing/seattle/occurrence_year=2014/part-00009-tid-4888582482094388601-4bf2ebc9-6283-4da3-9064-ba77e3904313-932-1.c000.snappy.parquet
All Other Offenses,90Z,ANY,ALL OTHER,ALL OTHER,B,-,7682395812,s3://crimenet-data/raw_files/landing/seattle/occurrence_year=2014/part-00009-tid-4888582482094388601-4bf2ebc9-6283-4da3-9064-ba77e3904313-932-1.c000.snappy.parquet
Destruction/Damage/Vandalism of Property,290,PROPERTY,"PROPERTY OFFENSES (INCLUDES STOLEN, DESTRUCTION)",ALL OTHER,A,-,7649226446,s3://crimenet-data/raw_files/landing/seattle/occurrence_year=2014/part-00009-tid-4888582482094388601-4bf2ebc9-6283-4da3-9064-ba77e3904313-932-1.c000.snappy.parquet
Theft From Motor Vehicle,23F,PROPERTY,LARCENY-THEFT,PROPERTY CRIME,A,-,7695182383,s3://crimenet-data/raw_files/landing/seattle/occurrence_year=2014/part-00009-tid-4888582482094388601-4bf2ebc9-6283-4da3-9064-ba77e3904313-932-1.c000.snappy.parquet
All Other Offenses,90Z,ANY,ALL OTHER,ALL OTHER,B,-,7650792998,s3://crimenet-data/raw_files/landing/seattle/occurrence_year=2014/part-00009-tid-4888582482094388601-4bf2ebc9-6283-4da3-9064-ba77e3904313-932-1.c000.snappy.parquet
All Other Offenses,90Z,ANY,ALL OTHER,ALL OTHER,B,-,7646285046,s3://crimenet-data/raw_files/landing/seattle/occurrence_year=2014/part-00009-tid-4888582482094388601-4bf2ebc9-6283-4da3-9064-ba77e3904313-932-1.c000.snappy.parquet
Theft From Motor Vehicle,23F,PROPERTY,LARCENY-THEFT,PROPERTY CRIME,A,-,7688650341,s3://crimenet-data/raw_files/landing/seattle/occurrence_year=2014/part-00009-tid-4888582482094388601-4bf2ebc9-6283-4da3-9064-ba77e3904313-932-1.c000.snappy.parquet
Simple Assault,13B,PERSON,ASSAULT OFFENSES,ALL OTHER,A,-,7698991972,s3://crimenet-data/raw_files/landing/seattle/occurrence_year=2014/part-00009-tid-4888582482094388601-4bf2ebc9-6283-4da3-9064-ba77e3904313-932-1.c000.snappy.parquet
Theft From Motor Vehicle,23F,PROPERTY,LARCENY-THEFT,PROPERTY CRIME,A,-,7649916093,s3://crimenet-data/raw_files/landing/seattle/occurrence_year=2014/part-00009-tid-4888582482094388601-4bf2ebc9-6283-4da3-9064-ba77e3904313-932-1.c000.snappy.parquet
Motor Vehicle Theft,240,PROPERTY,MOTOR VEHICLE THEFT,PROPERTY CRIME,A,-,7675745608,s3://crimenet-data/raw_files/landing/seattle/occurrence_year=2014/part-00009-tid-4888582482094388601-4bf2ebc9-6283-4da3-9064-ba77e3904313-932-1.c000.snappy.parquet
Theft From Motor Vehicle,23F,PROPERTY,LARCENY-THEFT,PROPERTY CRIME,A,-,7678947984,s3://crimenet-data/raw_files/landing/seattle/occurrence_year=2014/part-00009-tid-4888582482094388601-4bf2ebc9-6283-4da3-9064-ba77e3904313-932-1.c000.snappy.parquet
Trespass of Real,90J,SOCIETY,TRESPASS,ALL OTHER,B,-,7643261114,s3://crimenet-data/raw_files/landing/seattle/occurrence_year=2014/part-00009-tid-4888582482094388601-4bf2ebc9-6283-4da3-9064-ba77e3904313-932-1.c000.snappy.parquet
Theft of Motor Vehicle Parts or Accessories,23G,PROPERTY,LARCENY-THEFT,PROPERTY CRIME,A,-,7662247155,s3://crimenet-data/raw_files/landing/seattle/occurrence_year=2014/part-00009-tid-4888582482094388601-4bf2ebc9-6283-4da3-9064-ba77e3904313-932-1.c000.snappy.parquet
All Other Offenses,90Z,ANY,ALL OTHER,ALL OTHER,B,-,7630040296,s3://crimenet-data/raw_files/landing/seattle/occurrence_year=2014/part-00009-tid-4888582482094388601-4bf2ebc9-6283-4da3-9064-ba77e3904313-932-1.c000.snappy.parquet
Credit Card/Automated Teller Machine Fraud,26B,PROPERTY,EXTORTION/FRAUD/FORGERY/BRIBERY (INCLUDES BAD CHECKS),ALL OTHER,A,-,7670063709,s3://crimenet-data/raw_files/landing/seattle/occurrence_year=2014/part-00009-tid-4888582482094388601-4bf2ebc9-6283-4da3-9064-ba77e3904313-932-1.c000.snappy.parquet
Theft From Motor Vehicle,23F,PROPERTY,LARCENY-THEFT,PROPERTY CRIME,A,-,7693514657,s3://crimenet-data/raw_files/landing/seattle/occurrence_year=2014/part-00009-tid-4888582482094388601-4bf2ebc9-6283-4da3-9064-ba77e3904313-932-1.c000.snappy.parquet
All Other Offenses,90Z,ANY,ALL OTHER,ALL OTHER,B,-,7654398981,s3://crimenet-data/raw_files/landing/seattle/occurrence_year=2014/part-00009-tid-4888582482094388601-4bf2ebc9-6283-4da3-9064-ba77e3904313-932-1.c000.snappy.parquet
"Family Offenses, Nonviolent",90F,SOCIETY,NON-VIOLENT FAMILY OFFENSES,ALL OTHER,B,-,7658824839,s3://crimenet-data/raw_files/landing/seattle/occurrence_year=2014/part-00009-tid-4888582482094388601-4bf2ebc9-6283-4da3-9064-ba77e3904313-932-1.c000.snappy.parquet
Motor Vehicle Theft,240,PROPERTY,MOTOR VEHICLE THEFT,PROPERTY CRIME,A,-,7672504312,s3://crimenet-data/raw_files/landing/seattle/occurrence_year=2014/part-00009-tid-4888582482094388601-4bf2ebc9-6283-4da3-9064-ba77e3904313-932-1.c000.snappy.parquet
Robbery,120,PROPERTY,ROBBERY,VIOLENT CRIME,A,-,7633681486,s3://crimenet-data/raw_files/landing/seattle/occurrence_year=2014/part-00009-tid-4888582482094388601-4bf2ebc9-6283-4da3-9064-ba77e3904313-932-1.c000.snappy.parquet
Credit Card/Automated Teller Machine Fraud,26B,PROPERTY,EXTORTION/FRAUD/FORGERY/BRIBERY (INCLUDES BAD CHECKS),ALL OTHER,A,-,7676981299,s3://crimenet-data/raw_files/landing/seattle/occurrence_year=2014/part-00009-tid-4888582482094388601-4bf2ebc9-6283-4da3-9064-ba77e3904313-932-1.c000.snappy.parquet
All Other Larceny,23H,PROPERTY,LARCENY-THEFT,PROPERTY CRIME,A,-,7681914268,s3://crimenet-data/raw_files/landing/seattle/occurrence_year=2014/part-00009-tid-4888582482094388601-4bf2ebc9-6283-4da3-9064-ba77e3904313-932-1.c000.snappy.parquet
Theft of Motor Vehicle Parts or Accessories,23G,PROPERTY,LARCENY-THEFT,PROPERTY CRIME,A,-,7686225886,s3://crimenet-data/raw_files/landing/seattle/occurrence_year=2014/part-00009-tid-4888582482094388601-4bf2ebc9-6283-4da3-9064-ba77e3904313-932-1.c000.snappy.parquet
Rape,11A,PERSON,RAPE,VIOLENT CRIME,A,-,7670189372,s3://crimenet-data/raw_files/landing/seattle/occurrence_year=2014/part-00009-tid-4888582482094388601-4bf2ebc9-6283-4da3-9064-ba77e3904313-932-1.c000.snappy.parquet
All Other Larceny,23H,PROPERTY,LARCENY-THEFT,PROPERTY CRIME,A,-,7684494534,s3://crimenet-data/raw_files/landing/seattle/occurrence_year=2014/part-00009-tid-4888582482094388601-4bf2ebc9-6283-4da3-9064-ba77e3904313-932-1.c000.snappy.parquet
Burglary/Breaking & Entering,220,PROPERTY,BURGLARY,PROPERTY CRIME,A,-,7668921732,s3://crimenet-data/raw_files/landing/seattle/occurrence_year=2014/part-00009-tid-4888582482094388601-4bf2ebc9-6283-4da3-9064-ba77e3904313-932-1.c000.snappy.parquet
Theft From Motor Vehicle,23F,PROPERTY,LARCENY-THEFT,PROPERTY CRIME,A,-,7684245277,s3://crimenet-data/raw_files/landing/seattle/occurrence_year=2014/part-00009-tid-4888582482094388601-4bf2ebc9-6283-4da3-9064-ba77e3904313-932-1.c000.snappy.parquet
Aggravated Assault,13A,PERSON,AGGRAVATED ASSAULT,VIOLENT CRIME,A,-,7683938322,s3://crimenet-data/raw_files/landing/seattle/occurrence_year=2014/part-00009-tid-4888582482094388601-4bf2ebc9-6283-4da3-9064-ba77e3904313-932-1.c000.snappy.parquet
Trespass of Real,90J,SOCIETY,TRESPASS,ALL OTHER,B,-,7662749268,s3://crimenet-data/raw_files/landing/seattle/occurrence_year=2014/part-00009-tid-4888582482094388601-4bf2ebc9-6283-4da3-9064-ba77e3904313-932-1.c000.snappy.parquet
Burglary/Breaking & Entering,220,PROPERTY,BURGLARY,PROPERTY CRIME,A,-,7700504258,s3://crimenet-data/raw_files/landing/seattle/occurrence_year=2014/part-00009-tid-4888582482094388601-4bf2ebc9-6283-4da3-9064-ba77e3904313-932-1.c000.snappy.parquet
Destruction/Damage/Vandalism of Property,290,PROPERTY,"PROPERTY OFFENSES (INCLUDES STOLEN, DESTRUCTION)",ALL OTHER,A,-,7672088801,s3://crimenet-data/raw_files/landing/seattle/occurrence_year=2014/part-00009-tid-4888582482094388601-4bf2ebc9-6283-4da3-9064-ba77e3904313-932-1.c000.snappy.parquet
Shoplifting,23C,PROPERTY,LARCENY-THEFT,PROPERTY CRIME,A,-,7675684655,s3://crimenet-data/raw_files/landing/seattle/occurrence_year=2014/part-00009-tid-4888582482094388601-4bf2ebc9-6283-4da3-9064-ba77e3904313-932-1.c000.snappy.parquet
Motor Vehicle Theft,240,PROPERTY,MOTOR VEHICLE THEFT,PROPERTY CRIME,A,-,7644724047,s3://crimenet-data/raw_files/landing/seattle/occurrence_year=2014/part-00009-tid-4888582482094388601-4bf2ebc9-6283-4da3-9064-ba77e3904313-932-1.c000.snappy.parquet
Burglary/Breaking & Entering,220,PROPERTY,BURGLARY,PROPERTY CRIME,A,-,7685611706,s3://crimenet-data/raw_files/landing/seattle/occurrence_year=2014/part-00009-tid-4888582482094388601-4bf2ebc9-6283-4da3-9064-ba77e3904313-932-1.c000.snappy.parquet
Driving Under the Influence,90D,SOCIETY,DUI,ALL OTHER,B,-,7694835163,s3://crimenet-data/raw_files/landing/seattle/occurrence_year=2014/part-00009-tid-4888582482094388601-4bf2ebc9-6283-4da3-9064-ba77e3904313-932-1.c000.snappy.parquet
Impersonation,26C,PROPERTY,EXTORTION/FRAUD/FORGERY/BRIBERY (INCLUDES BAD CHECKS),ALL OTHER,A,-,7654946966,s3://crimenet-data/raw_files/landing/seattle/occurrence_year=2014/part-00009-tid-4888582482094388601-4bf2ebc9-6283-4da3-9064-ba77e3904313-932-1.c000.snappy.parquet
All Other Larceny,23H,PROPERTY,LARCENY-THEFT,PROPERTY CRIME,A,-,7690899727,s3://crimenet-data/raw_files/landing/seattle/occurrence_year=2014/part-00009-tid-4888582482094388601-4bf2ebc9-6283-4da3-9064-ba77e3904313-932-1.c000.snappy.parquet
Shoplifting,23C,PROPERTY,LARCENY-THEFT,PROPERTY CRIME,A,-,7674071680,s3://crimenet-data/raw_files/landing/seattle/occurrence_year=2014/part-00009-tid-4888582482094388601-4bf2ebc9-6283-4da3-9064-ba77e3904313-932-1.c000.snappy.parquet
Aggravated Assault,13A,PERSON,AGGRAVATED ASSAULT,VIOLENT CRIME,A,-,7632253899,s3://crimenet-data/raw_files/landing/seattle/occurrence_year=2014/part-00009-tid-4888582482094388601-4bf2ebc9-6283-4da3-9064-ba77e3904313-932-1.c000.snappy.parquet
Theft From Motor Vehicle,23F,PROPERTY,LARCENY-THEFT,PROPERTY CRIME,A,-,7644557829,s3://crimenet-data/raw_files/landing/seattle/occurrence_year=2014/part-00009-tid-4888582482094388601-4bf2ebc9-6283-4da3-9064-ba77e3904313-932-1.c000.snappy.parquet
Theft From Building,23D,PROPERTY,LARCENY-THEFT,PROPERTY CRIME,A,-,7687349389,s3://crimenet-data/raw_files/landing/seattle/occurrence_year=2014/part-00009-tid-4888582482094388601-4bf2ebc9-6283-4da3-9064-ba77e3904313-932-1.c000.snappy.parquet
Weapon Law Violations,520,SOCIETY,WEAPON LAW VIOLATION,ALL OTHER,A,-,7695009515,s3://crimenet-data/raw_files/landing/seattle/occurrence_year=2014/part-00009-tid-4888582482094388601-4bf2ebc9-6283-4da3-9064-ba77e3904313-932-1.c000.snappy.parquet
Theft From Motor Vehicle,23F,PROPERTY,LARCENY-THEFT,PROPERTY CRIME,A,-,7628744012,s3://crimenet-data/raw_files/landing/seattle/occurrence_year=2014/part-00009-tid-4888582482094388601-4bf2ebc9-6283-4da3-9064-ba77e3904313-932-1.c000.snappy.parquet
Impersonation,26C,PROPERTY,EXTORTION/FRAUD/FORGERY/BRIBERY (INCLUDES BAD CHECKS),ALL OTHER,A,-,7635556875,s3://crimenet-data/raw_files/landing/seattle/occurrence_year=2014/part-00009-tid-4888582482094388601-4bf2ebc9-6283-4da3-9064-ba77e3904313-932-1.c000.snappy.parquet
Aggravated Assault,13A,PERSON,AGGRAVATED ASSAULT,VIOLENT CRIME,A,-,7676475130,s3://crimenet-data/raw_files/landing/seattle/occurrence_year=2014/part-00009-tid-4888582482094388601-4bf2ebc9-6283-4da3-9064-ba77e3904313-932-1.c000.snappy.parquet
All Other Offenses,90Z,ANY,ALL OTHER,ALL OTHER,B,-,7625795835,s3://crimenet-data/raw_files/landing/seattle/occurrence_year=2014/part-00009-tid-4888582482094388601-4bf2ebc9-6283-4da3-9064-ba77e3904313-932-1.c000.snappy.parquet
All Other Larceny,23H,PROPERTY,LARCENY-THEFT,PROPERTY CRIME,A,-,7673964661,s3://crimenet-data/raw_files/landing/seattle/occurrence_year=2014/part-00009-tid-4888582482094388601-4bf2ebc9-6283-4da3-9064-ba77e3904313-932-1.c000.snappy.parquet
Simple Assault,13B,PERSON,ASSAULT OFFENSES,ALL OTHER,A,-,7661270826,s3://crimenet-data/raw_files/landing/seattle/occurrence_year=2014/part-00009-tid-4888582482094388601-4bf2ebc9-6283-4da3-9064-ba77e3904313-932-1.c000.snappy.parquet
False Pretenses/Swindle/Confidence Game,26A,PROPERTY,EXTORTION/FRAUD/FORGERY/BRIBERY (INCLUDES BAD CHECKS),ALL OTHER,A,-,7666193644,s3://crimenet-data/raw_files/landing/seattle/occurrence_year=2014/part-00009-tid-4888582482094388601-4bf2ebc9-6283-4da3-9064-ba77e3904313-932-1.c000.snappy.parquet
All Other Larceny,23H,PROPERTY,LARCENY-THEFT,PROPERTY CRIME,A,-,7674499747,s3://crimenet-data/raw_files/landing/seattle/occurrence_year=2014/part-00009-tid-4888582482094388601-4bf2ebc9-6283-4da3-9064-ba77e3904313-932-1.c000.snappy.parquet
Theft From Motor Vehicle,23F,PROPERTY,LARCENY-THEFT,PROPERTY CRIME,A,-,7681045866,s3://crimenet-data/raw_files/landing/seattle/occurrence_year=2014/part-00009-tid-4888582482094388601-4bf2ebc9-6283-4da3-9064-ba77e3904313-932-1.c000.snappy.parquet
Impersonation,26C,PROPERTY,EXTORTION/FRAUD/FORGERY/BRIBERY (INCLUDES BAD CHECKS),ALL OTHER,A,-,7696588132,s3://crimenet-data/raw_files/landing/seattle/occurrence_year=2014/part-00009-tid-4888582482094388601-4bf2ebc9-6283-4da3-9064-ba77e3904313-932-1.c000.snappy.parquet
Theft of Motor Vehicle Parts or Accessories,23G,PROPERTY,LARCENY-THEFT,PROPERTY CRIME,A,-,7635154913,s3://crimenet-data/raw_files/landing/seattle/occurrence_year=2014/part-00009-tid-4888582482094388601-4bf2ebc9-6283-4da3-9064-ba77e3904313-932-1.c000.snappy.parquet
Impersonation,26C,PROPERTY,EXTORTION/FRAUD/FORGERY/BRIBERY (INCLUDES BAD CHECKS),ALL OTHER,A,-,7656538394,s3://crimenet-data/raw_files/landing/seattle/occurrence_year=2014/part-00009-tid-4888582482094388601-4bf2ebc9-6283-4da3-9064-ba77e3904313-932-1.c000.snappy.parquet
Destruction/Damage/Vandalism of Property,290,PROPERTY,"PROPERTY OFFENSES (INCLUDES STOLEN, DESTRUCTION)",ALL OTHER,A,-,7690966842,s3://crimenet-data/raw_files/landing/seattle/occurrence_year=2014/part-00009-tid-4888582482094388601-4bf2ebc9-6283-4da3-9064-ba77e3904313-932-1.c000.snappy.parquet
Theft From Motor Vehicle,23F,PROPERTY,LARCENY-THEFT,PROPERTY CRIME,A,-,7661380394,s3://crimenet-data/raw_files/landing/seattle/occurrence_year=2014/part-00009-tid-4888582482094388601-4bf2ebc9-6283-4da3-9064-ba77e3904313-932-1.c000.snappy.parquet
Motor Vehicle Theft,240,PROPERTY,MOTOR VEHICLE THEFT,PROPERTY CRIME,A,-,7699725087,s3://crimenet-data/raw_files/landing/seattle/occurrence_year=2014/part-00009-tid-4888582482094388601-4bf2ebc9-6283-4da3-9064-ba77e3904313-932-1.c000.snappy.parquet
Destruction/Damage/Vandalism of Property,290,PROPERTY,"PROPERTY OFFENSES (INCLUDES STOLEN, DESTRUCTION)",ALL OTHER,A,-,7638279774,s3://crimenet-data/raw_files/landing/seattle/occurrence_year=2014/part-00009-tid-4888582482094388601-4bf2ebc9-6283-4da3-9064-ba77e3904313-932-1.c000.snappy.parquet
Burglary/Breaking & Entering,220,PROPERTY,BURGLARY,PROPERTY CRIME,A,-,7682090681,s3://crimenet-data/raw_files/landing/seattle/occurrence_year=2014/part-00009-tid-4888582482094388601-4bf2ebc9-6283-4da3-9064-ba77e3904313-932-1.c000.snappy.parquet
All Other Offenses,90Z,ANY,ALL OTHER,ALL OTHER,B,-,7626844721,s3://crimenet-data/raw_files/landing/seattle/occurrence_year=2014/part-00009-tid-4888582482094388601-4bf2ebc9-6283-4da3-9064-ba77e3904313-932-1.c000.snappy.parquet
Impersonation,26C,PROPERTY,EXTORTION/FRAUD/FORGERY/BRIBERY (INCLUDES BAD CHECKS),ALL OTHER,A,-,7697559173,s3://crimenet-data/raw_files/landing/seattle/occurrence_year=2014/part-00009-tid-4888582482094388601-4bf2ebc9-6283-4da3-9064-ba77e3904313-932-1.c000.snappy.parquet
All Other Offenses,90Z,ANY,ALL OTHER,ALL OTHER,B,Shots Fired (Eyewitness/Casings/Property Damage),7671601978,s3://crimenet-data/raw_files/landing/seattle/occurrence_year=2014/part-00009-tid-4888582482094388601-4bf2ebc9-6283-4da3-9064-ba77e3904313-932-1.c000.snappy.parquet
All Other Offenses,90Z,ANY,ALL OTHER,ALL OTHER,B,-,7643611479,s3://crimenet-data/raw_files/landing/seattle/occurrence_year=2014/part-00009-tid-4888582482094388601-4bf2ebc9-6283-4da3-9064-ba77e3904313-932-1.c000.snappy.parquet
Robbery,120,PROPERTY,ROBBERY,VIOLENT CRIME,A,-,7683119707,s3://crimenet-data/raw_files/landing/seattle/occurrence_year=2014/part-00009-tid-4888582482094388601-4bf2ebc9-6283-4da3-9064-ba77e3904313-932-1.c000.snappy.parquet
Destruction/Damage/Vandalism of Property,290,PROPERTY,"PROPERTY OFFENSES (INCLUDES STOLEN, DESTRUCTION)",ALL OTHER,A,-,7670505216,s3://crimenet-data/raw_files/landing/seattle/occurrence_year=2014/part-00009-tid-4888582482094388601-4bf2ebc9-6283-4da3-9064-ba77e3904313-932-1.c000.snappy.parquet
Motor Vehicle Theft,240,PROPERTY,MOTOR VEHICLE THEFT,PROPERTY CRIME,A,-,7647065427,s3://crimenet-data/raw_files/landing/seattle/occurrence_year=2014/part-00009-tid-4888582482094388601-4bf2ebc9-6283-4da3-9064-ba77e3904313-932-1.c000.snappy.parquet
All Other Larceny,23H,PROPERTY,LARCENY-THEFT,PROPERTY CRIME,A,-,7669098268,s3://crimenet-data/raw_files/landing/seattle/occurrence_year=2014/part-00009-tid-4888582482094388601-4bf2ebc9-6283-4da3-9064-ba77e3904313-932-1.c000.snappy.parquet
All Other Larceny,23H,PROPERTY,LARCENY-THEFT,PROPERTY CRIME,A,-,7684504170,s3://crimenet-data/raw_files/landing/seattle/occurrence_year=2014/part-00009-tid-4888582482094388601-4bf2ebc9-6283-4da3-9064-ba77e3904313-932-1.c000.snappy.parquet
All Other Offenses,90Z,ANY,ALL OTHER,ALL OTHER,B,-,7661994551,s3://crimenet-data/raw_files/landing/seattle/occurrence_year=2014/part-00009-tid-4888582482094388601-4bf2ebc9-6283-4da3-9064-ba77e3904313-932-1.c000.snappy.parquet
Theft From Motor Vehicle,23F,PROPERTY,LARCENY-THEFT,PROPERTY CRIME,A,-,7688408846,s3://crimenet-data/raw_files/landing/seattle/occurrence_year=2014/part-00009-tid-4888582482094388601-4bf2ebc9-6283-4da3-9064-ba77e3904313-932-1.c000.snappy.parquet
Theft From Motor Vehicle,23F,PROPERTY,LARCENY-THEFT,PROPERTY CRIME,A,-,7674032485,s3://crimenet-data/raw_files/landing/seattle/occurrence_year=2014/part-00009-tid-4888582482094388601-4bf2ebc9-6283-4da3-9064-ba77e3904313-932-1.c000.snappy.parquet
Robbery,120,PROPERTY,ROBBERY,VIOLENT CRIME,A,-,7635663927,s3://crimenet-data/raw_files/landing/seattle/occurrence_year=2014/part-00009-tid-4888582482094388601-4bf2ebc9-6283-4da3-9064-ba77e3904313-932-1.c000.snappy.parquet
Destruction/Damage/Vandalism of Property,290,PROPERTY,"PROPERTY OFFENSES (INCLUDES STOLEN, DESTRUCTION)",ALL OTHER,A,-,7673267302,s3://crimenet-data/raw_files/landing/seattle/occurrence_year=2014/part-00009-tid-4888582482094388601-4bf2ebc9-6283-4da3-9064-ba77e3904313-932-1.c000.snappy.parquet
Theft From Motor Vehicle,23F,PROPERTY,LARCENY-THEFT,PROPERTY CRIME,A,-,7642765432,s3://crimenet-data/raw_files/landing/seattle/occurrence_year=2014/part-00009-tid-4888582482094388601-4bf2ebc9-6283-4da3-9064-ba77e3904313-932-1.c000.snappy.parquet
Intimidation,13C,PERSON,ASSAULT OFFENSES,ALL OTHER,A,-,7646255318,s3://crimenet-data/raw_files/landing/seattle/occurrence_year=2014/part-00009-tid-4888582482094388601-4bf2ebc9-6283-4da3-9064-ba77e3904313-932-1.c000.snappy.parquet
Aggravated Assault,13A,PERSON,AGGRAVATED ASSAULT,VIOLENT CRIME,A,-,7688334101,s3://crimenet-data/raw_files/landing/seattle/occurrence_year=2014/part-00009-tid-4888582482094388601-4bf2ebc9-6283-4da3-9064-ba77e3904313-932-1.c000.snappy.parquet
All Other Offenses,90Z,ANY,ALL OTHER,ALL OTHER,B,-,7661872674,s3://crimenet-data/raw_files/landing/seattle/occurrence_year=2014/part-00009-tid-4888582482094388601-4bf2ebc9-6283-4da3-9064-ba77e3904313-932-1.c000.snappy.parquet
Trespass of Real,90J,SOCIETY,TRESPASS,ALL OTHER,B,-,7680789165,s3://crimenet-data/raw_files/landing/seattle/occurrence_year=2014/part-00009-tid-4888582482094388601-4bf2ebc9-6283-4da3-9064-ba77e3904313-932-1.c000.snappy.parquet
All Other Offenses,90Z,ANY,ALL OTHER,ALL OTHER,B,-,7660249145,s3://crimenet-data/raw_files/landing/seattle/occurrence_year=2014/part-00009-tid-4888582482094388601-4bf2ebc9-6283-4da3-9064-ba77e3904313-932-1.c000.snappy.parquet
Theft From Motor Vehicle,23F,PROPERTY,LARCENY-THEFT,PROPERTY CRIME,A,-,7643625339,s3://crimenet-data/raw_files/landing/seattle/occurrence_year=2014/part-00009-tid-4888582482094388601-4bf2ebc9-6283-4da3-9064-ba77e3904313-932-1.c000.snappy.parquet
Credit Card/Automated Teller Machine Fraud,26B,PROPERTY,EXTORTION/FRAUD/FORGERY/BRIBERY (INCLUDES BAD CHECKS),ALL OTHER,A,-,7626098576,s3://crimenet-data/raw_files/landing/seattle/occurrence_year=2014/part-00009-tid-4888582482094388601-4bf2ebc9-6283-4da3-9064-ba77e3904313-932-1.c000.snappy.parquet
Theft From Motor Vehicle,23F,PROPERTY,LARCENY-THEFT,PROPERTY CRIME,A,-,7668361235,s3://crimenet-data/raw_files/landing/seattle/occurrence_year=2014/part-00009-tid-4888582482094388601-4bf2ebc9-6283-4da3-9064-ba77e3904313-932-1.c000.snappy.parquet
All Other Offenses,90Z,ANY,ALL OTHER,ALL OTHER,B,-,7668000473,s3://crimenet-data/raw_files/landing/seattle/occurrence_year=2014/part-00009-tid-4888582482094388601-4bf2ebc9-6283-4da3-9064-ba77e3904313-932-1.c000.snappy.parquet
All Other Offenses,90Z,ANY,ALL OTHER,ALL OTHER,B,-,7663196158,s3://crimenet-data/raw_files/landing/seattle/occurrence_year=2014/part-00009-tid-4888582482094388601-4bf2ebc9-6283-4da3-9064-ba77e3904313-932-1.c000.snappy.parquet
"Family Offenses, Nonviolent",90F,SOCIETY,NON-VIOLENT FAMILY OFFENSES,ALL OTHER,B,-,7681823798,s3://crimenet-data/raw_files/landing/seattle/occurrence_year=2014/part-00009-tid-4888582482094388601-4bf2ebc9-6283-4da3-9064-ba77e3904313-932-1.c000.snappy.parquet
Violation of No Contact Orders,500,PERSON,VIOLATION OF NO CONTACT ORDER,ALL OTHER,A,-,7639816426,s3://crimenet-data/raw_files/landing/seattle/occurrence_year=2014/part-00009-tid-4888582482094388601-4bf2ebc9-6283-4da3-9064-ba77e3904313-932-1.c000.snappy.parquet
Motor Vehicle Theft,240,PROPERTY,MOTOR VEHICLE THEFT,PROPERTY CRIME,A,-,7626379649,s3://crimenet-data/raw_files/landing/seattle/occurrence_year=2014/part-00009-tid-4888582482094388601-4bf2ebc9-6283-4da3-9064-ba77e3904313-932-1.c000.snappy.parquet
Simple Assault,13B,PERSON,ASSAULT OFFENSES,ALL OTHER,A,-,7663110443,s3://crimenet-data/raw_files/landing/seattle/occurrence_year=2014/part-00009-tid-4888582482094388601-4bf2ebc9-6283-4da3-9064-ba77e3904313-932-1.c000.snappy.parquet
All Other Offenses,90Z,ANY,ALL OTHER,ALL OTHER,B,-,7665998566,s3://crimenet-data/raw_files/landing/seattle/occurrence_year=2014/part-00009-tid-4888582482094388601-4bf2ebc9-6283-4da3-9064-ba77e3904313-932-1.c000.snappy.parquet
All Other Offenses,90Z,ANY,ALL OTHER,ALL OTHER,B,-,7699793172,s3://crimenet-data/raw_files/landing/seattle/occurrence_year=2014/part-00009-tid-4888582482094388601-4bf2ebc9-6283-4da3-9064-ba77e3904313-932-1.c000.snappy.parquet
Burglary/Breaking & Entering,220,PROPERTY,BURGLARY,PROPERTY CRIME,A,-,7693363302,s3://crimenet-data/raw_files/landing/seattle/occurrence_year=2014/part-00009-tid-4888582482094388601-4bf2ebc9-6283-4da3-9064-ba77e3904313-932-1.c000.snappy.parquet
Simple Assault,13B,PERSON,ASSAULT OFFENSES,ALL OTHER,A,-,7644448456,s3://crimenet-data/raw_files/landing/seattle/occurrence_year=2014/part-00009-tid-4888582482094388601-4bf2ebc9-6283-4da3-9064-ba77e3904313-932-1.c000.snappy.parquet
Simple Assault,13B,PERSON,ASSAULT OFFENSES,ALL OTHER,A,-,7635303931,s3://crimenet-data/raw_files/landing/seattle/occurrence_year=2014/part-00009-tid-4888582482094388601-4bf2ebc9-6283-4da3-9064-ba77e3904313-932-1.c000.snappy.parquet
Robbery,120,PROPERTY,ROBBERY,VIOLENT CRIME,A,-,7655602994,s3://crimenet-data/raw_files/landing/seattle/occurrence_year=2014/part-00009-tid-4888582482094388601-4bf2ebc9-6283-4da3-9064-ba77e3904313-932-1.c000.snappy.parquet
Motor Vehicle Theft,240,PROPERTY,MOTOR VEHICLE THEFT,PROPERTY CRIME,A,-,7652719632,s3://crimenet-data/raw_files/landing/seattle/occurrence_year=2014/part-00009-tid-4888582482094388601-4bf2ebc9-6283-4da3-9064-ba77e3904313-932-1.c000.snappy.parquet
Burglary/Breaking & Entering,220,PROPERTY,BURGLARY,PROPERTY CRIME,A,-,7700003276,s3://crimenet-data/raw_files/landing/seattle/occurrence_year=2014/part-00009-tid-4888582482094388601-4bf2ebc9-6283-4da3-9064-ba77e3904313-932-1.c000.snappy.parquet
All Other Larceny,23H,PROPERTY,LARCENY-THEFT,PROPERTY CRIME,A,-,7695449063,s3://crimenet-data/raw_files/landing/seattle/occurrence_year=2014/part-00009-tid-4888582482094388601-4bf2ebc9-6283-4da3-9064-ba77e3904313-932-1.c000.snappy.parquet
Motor Vehicle Theft,240,PROPERTY,MOTOR VEHICLE THEFT,PROPERTY CRIME,A,-,7697215053,s3://crimenet-data/raw_files/landing/seattle/occurrence_year=2014/part-00009-tid-4888582482094388601-4bf2ebc9-6283-4da3-9064-ba77e3904313-932-1.c000.snappy.parquet
Destruction/Damage/Vandalism of Property,290,PROPERTY,"PROPERTY OFFENSES (INCLUDES STOLEN, DESTRUCTION)",ALL OTHER,A,-,7642018828,s3://crimenet-data/raw_files/landing/seattle/occurrence_year=2014/part-00009-tid-4888582482094388601-4bf2ebc9-6283-4da3-9064-ba77e3904313-932-1.c000.snappy.parquet
Simple Assault,13B,PERSON,ASSAULT OFFENSES,ALL OTHER,A,-,7655746588,s3://crimenet-data/raw_files/landing/seattle/occurrence_year=2014/part-00009-tid-4888582482094388601-4bf2ebc9-6283-4da3-9064-ba77e3904313-932-1.c000.snappy.parquet
Simple Assault,13B,PERSON,ASSAULT OFFENSES,ALL OTHER,A,-,7667819849,s3://crimenet-data/raw_files/landing/seattle/occurrence_year=2014/part-00009-tid-4888582482094388601-4bf2ebc9-6283-4da3-9064-ba77e3904313-932-1.c000.snappy.parquet
Burglary/Breaking & Entering,220,PROPERTY,BURGLARY,PROPERTY CRIME,A,-,7647673889,s3://crimenet-data/raw_files/landing/seattle/occurrence_year=2014/part-00009-tid-4888582482094388601-4bf2ebc9-6283-4da3-9064-ba77e3904313-932-1.c000.snappy.parquet
False Pretenses/Swindle/Confidence Game,26A,PROPERTY,EXTORTION/FRAUD/FORGERY/BRIBERY (INCLUDES BAD CHECKS),ALL OTHER,A,-,7641595890,s3://crimenet-data/raw_files/landing/seattle/occurrence_year=2014/part-00009-tid-4888582482094388601-4bf2ebc9-6283-4da3-9064-ba77e3904313-932-1.c000.snappy.parquet
Simple Assault,13B,PERSON,ASSAULT OFFENSES,ALL OTHER,A,-,7652575998,s3://crimenet-data/raw_files/landing/seattle/occurrence_year=2014/part-00009-tid-4888582482094388601-4bf2ebc9-6283-4da3-9064-ba77e3904313-932-1.c000.snappy.parquet
All Other Offenses,90Z,ANY,ALL OTHER,ALL OTHER,B,-,7691862211,s3://crimenet-data/raw_files/landing/seattle/occurrence_year=2014/part-00009-tid-4888582482094388601-4bf2ebc9-6283-4da3-9064-ba77e3904313-932-1.c000.snappy.parquet
All Other Offenses,90Z,ANY,ALL OTHER,ALL OTHER,B,-,7639857969,s3://crimenet-data/raw_files/landing/seattle/occurrence_year=2014/part-00009-tid-4888582482094388601-4bf2ebc9-6283-4da3-9064-ba77e3904313-932-1.c000.snappy.parquet
All Other Offenses,90Z,ANY,ALL OTHER,ALL OTHER,B,-,7692971062,s3://crimenet-data/raw_files/landing/seattle/occurrence_year=2014/part-00009-tid-4888582482094388601-4bf2ebc9-6283-4da3-9064-ba77e3904313-932-1.c000.snappy.parquet
Burglary/Breaking & Entering,220,PROPERTY,BURGLARY,PROPERTY CRIME,A,-,7636289413,s3://crimenet-data/raw_files/landing/seattle/occurrence_year=2014/part-00009-tid-4888582482094388601-4bf2ebc9-6283-4da3-9064-ba77e3904313-932-1.c000.snappy.parquet
Simple Assault,13B,PERSON,ASSAULT OFFENSES,ALL OTHER,A,-,7663694417,s3://crimenet-data/raw_files/landing/seattle/occurrence_year=2014/part-00009-tid-4888582482094388601-4bf2ebc9-6283-4da3-9064-ba77e3904313-932-1.c000.snappy.parquet
Theft From Motor Vehicle,23F,PROPERTY,LARCENY-THEFT,PROPERTY CRIME,A,-,7667229914,s3://crimenet-data/raw_files/landing/seattle/occurrence_year=2014/part-00009-tid-4888582482094388601-4bf2ebc9-6283-4da3-9064-ba77e3904313-932-1.c000.snappy.parquet
Shoplifting,23C,PROPERTY,LARCENY-THEFT,PROPERTY CRIME,A,-,7696640538,s3://crimenet-data/raw_files/landing/seattle/occurrence_year=2014/part-00009-tid-4888582482094388601-4bf2ebc9-6283-4da3-9064-ba77e3904313-932-1.c000.snappy.parquet
All Other Larceny,23H,PROPERTY,LARCENY-THEFT,PROPERTY CRIME,A,-,7679575211,s3://crimenet-data/raw_files/landing/seattle/occurrence_year=2014/part-00009-tid-4888582482094388601-4bf2ebc9-6283-4da3-9064-ba77e3904313-932-1.c000.snappy.parquet
Theft From Motor Vehicle,23F,PROPERTY,LARCENY-THEFT,PROPERTY CRIME,A,-,7638902105,s3://crimenet-data/raw_files/landing/seattle/occurrence_year=2014/part-00009-tid-4888582482094388601-4bf2ebc9-6283-4da3-9064-ba77e3904313-932-1.c000.snappy.parquet
All Other Offenses,90Z,ANY,ALL OTHER,ALL OTHER,B,-,7687086568,s3://crimenet-data/raw_files/landing/seattle/occurrence_year=2014/part-00009-tid-4888582482094388601-4bf2ebc9-6283-4da3-9064-ba77e3904313-932-1.c000.snappy.parquet
All Other Larceny,23H,PROPERTY,LARCENY-THEFT,PROPERTY CRIME,A,-,7645972711,s3://crimenet-data/raw_files/landing/seattle/occurrence_year=2014/part-00009-tid-4888582482094388601-4bf2ebc9-6283-4da3-9064-ba77e3904313-932-1.c000.snappy.parquet
Driving Under the Influence,90D,SOCIETY,DUI,ALL OTHER,B,-,7685868785,s3://crimenet-data/raw_files/landing/seattle/occurrence_year=2014/part-00009-tid-4888582482094388601-4bf2ebc9-6283-4da3-9064-ba77e3904313-932-1.c000.snappy.parquet
Pornography/Obscene Material,370,SOCIETY,PORNOGRAPHY,ALL OTHER,A,-,7681296773,s3://crimenet-data/raw_files/landing/seattle/occurrence_year=2014/part-00009-tid-4888582482094388601-4bf2ebc9-6283-4da3-9064-ba77e3904313-932-1.c000.snappy.parquet
Destruction/Damage/Vandalism of Property,290,PROPERTY,"PROPERTY OFFENSES (INCLUDES STOLEN, DESTRUCTION)",ALL OTHER,A,-,7662073161,s3://crimenet-data/raw_files/landing/seattle/occurrence_year=2014/part-00009-tid-4888582482094388601-4bf2ebc9-6283-4da3-9064-ba77e3904313-932-1.c000.snappy.parquet
Robbery,120,PROPERTY,ROBBERY,VIOLENT CRIME,A,-,7679459158,s3://crimenet-data/raw_files/landing/seattle/occurrence_year=2014/part-00009-tid-4888582482094388601-4bf2ebc9-6283-4da3-9064-ba77e3904313-932-1.c000.snappy.parquet
Theft From Motor Vehicle,23F,PROPERTY,LARCENY-THEFT,PROPERTY CRIME,A,-,7683191363,s3://crimenet-data/raw_files/landing/seattle/occurrence_year=2014/part-00009-tid-4888582482094388601-4bf2ebc9-6283-4da3-9064-ba77e3904313-932-1.c000.snappy.parquet
Theft From Motor Vehicle,23F,PROPERTY,LARCENY-THEFT,PROPERTY CRIME,A,-,7699411510,s3://crimenet-data/raw_files/landing/seattle/occurrence_year=2014/part-00009-tid-4888582482094388601-4bf2ebc9-6283-4da3-9064-ba77e3904313-932-1.c000.snappy.parquet
All Other Larceny,23H,PROPERTY,LARCENY-THEFT,PROPERTY CRIME,A,-,7674607528,s3://crimenet-data/raw_files/landing/seattle/occurrence_year=2014/part-00009-tid-4888582482094388601-4bf2ebc9-6283-4da3-9064-ba77e3904313-932-1.c000.snappy.parquet
Impersonation,26C,PROPERTY,EXTORTION/FRAUD/FORGERY/BRIBERY (INCLUDES BAD CHECKS),ALL OTHER,A,-,7663914731,s3://crimenet-data/raw_files/landing/seattle/occurrence_year=2014/part-00009-tid-4888582482094388601-4bf2ebc9-6283-4da3-9064-ba77e3904313-932-1.c000.snappy.parquet
Theft From Motor Vehicle,23F,PROPERTY,LARCENY-THEFT,PROPERTY CRIME,A,-,7641596739,s3://crimenet-data/raw_files/landing/seattle/occurrence_year=2014/part-00009-tid-4888582482094388601-4bf2ebc9-6283-4da3-9064-ba77e3904313-932-1.c000.snappy.parquet
Motor Vehicle Theft,240,PROPERTY,MOTOR VEHICLE THEFT,PROPERTY CRIME,A,-,7696403630,s3://crimenet-data/raw_files/landing/seattle/occurrence_year=2014/part-00009-tid-4888582482094388601-4bf2ebc9-6283-4da3-9064-ba77e3904313-932-1.c000.snappy.parquet
Burglary/Breaking & Entering,220,PROPERTY,BURGLARY,PROPERTY CRIME,A,-,7697977491,s3://crimenet-data/raw_files/landing/seattle/occurrence_year=2014/part-00009-tid-4888582482094388601-4bf2ebc9-6283-4da3-9064-ba77e3904313-932-1.c000.snappy.parquet
Shoplifting,23C,PROPERTY,LARCENY-THEFT,PROPERTY CRIME,A,-,7674341545,s3://crimenet-data/raw_files/landing/seattle/occurrence_year=2014/part-00009-tid-4888582482094388601-4bf2ebc9-6283-4da3-9064-ba77e3904313-932-1.c000.snappy.parquet
Motor Vehicle Theft,240,PROPERTY,MOTOR VEHICLE THEFT,PROPERTY CRIME,A,-,7652576784,s3://crimenet-data/raw_files/landing/seattle/occurrence_year=2014/part-00009-tid-4888582482094388601-4bf2ebc9-6283-4da3-9064-ba77e3904313-932-1.c000.snappy.parquet
All Other Offenses,90Z,ANY,ALL OTHER,ALL OTHER,B,-,7664461981,s3://crimenet-data/raw_files/landing/seattle/occurrence_year=2014/part-00009-tid-4888582482094388601-4bf2ebc9-6283-4da3-9064-ba77e3904313-932-1.c000.snappy.parquet
Burglary/Breaking & Entering,220,PROPERTY,BURGLARY,PROPERTY CRIME,A,-,7668298735,s3://crimenet-data/raw_files/landing/seattle/occurrence_year=2014/part-00009-tid-4888582482094388601-4bf2ebc9-6283-4da3-9064-ba77e3904313-932-1.c000.snappy.parquet
Shoplifting,23C,PROPERTY,LARCENY-THEFT,PROPERTY CRIME,A,-,7628051758,s3://crimenet-data/raw_files/landing/seattle/occurrence_year=2014/part-00009-tid-4888582482094388601-4bf2ebc9-6283-4da3-9064-ba77e3904313-932-1.c000.snappy.parquet
Simple Assault,13B,PERSON,ASSAULT OFFENSES,ALL OTHER,A,-,7660623958,s3://crimenet-data/raw_files/landing/seattle/occurrence_year=2014/part-00009-tid-4888582482094388601-4bf2ebc9-6283-4da3-9064-ba77e3904313-932-1.c000.snappy.parquet
Simple Assault,13B,PERSON,ASSAULT OFFENSES,ALL OTHER,A,-,7626699597,s3://crimenet-data/raw_files/landing/seattle/occurrence_year=2014/part-00009-tid-4888582482094388601-4bf2ebc9-6283-4da3-9064-ba77e3904313-932-1.c000.snappy.parquet
Theft From Motor Vehicle,23F,PROPERTY,LARCENY-THEFT,PROPERTY CRIME,A,-,7682089995,s3://crimenet-data/raw_files/landing/seattle/occurrence_year=2014/part-00009-tid-4888582482094388601-4bf2ebc9-6283-4da3-9064-ba77e3904313-932-1.c000.snappy.parquet
Burglary/Breaking & Entering,220,PROPERTY,BURGLARY,PROPERTY CRIME,A,-,7628952355,s3://crimenet-data/raw_files/landing/seattle/occurrence_year=2014/part-00009-tid-4888582482094388601-4bf2ebc9-6283-4da3-9064-ba77e3904313-932-1.c000.snappy.parquet
All Other Larceny,23H,PROPERTY,LARCENY-THEFT,PROPERTY CRIME,A,-,7691602146,s3://crimenet-data/raw_files/landing/seattle/occurrence_year=2014/part-00009-tid-4888582482094388601-4bf2ebc9-6283-4da3-9064-ba77e3904313-932-1.c000.snappy.parquet
Bad Checks,90A,PROPERTY,EXTORTION/FRAUD/FORGERY/BRIBERY (INCLUDES BAD CHECKS),ALL OTHER,B,-,7688649784,s3://crimenet-data/raw_files/landing/seattle/occurrence_year=2014/part-00009-tid-4888582482094388601-4bf2ebc9-6283-4da3-9064-ba77e3904313-932-1.c000.snappy.parquet
All Other Larceny,23H,PROPERTY,LARCENY-THEFT,PROPERTY CRIME,A,-,7697810691,s3://crimenet-data/raw_files/landing/seattle/occurrence_year=2014/part-00009-tid-4888582482094388601-4bf2ebc9-6283-4da3-9064-ba77e3904313-932-1.c000.snappy.parquet
Theft From Motor Vehicle,23F,PROPERTY,LARCENY-THEFT,PROPERTY CRIME,A,-,7633057314,s3://crimenet-data/raw_files/landing/seattle/occurrence_year=2014/part-00009-tid-4888582482094388601-4bf2ebc9-6283-4da3-9064-ba77e3904313-932-1.c000.snappy.parquet
All Other Offenses,90Z,ANY,ALL OTHER,ALL OTHER,B,-,7685813599,s3://crimenet-data/raw_files/landing/seattle/occurrence_year=2014/part-00009-tid-4888582482094388601-4bf2ebc9-6283-4da3-9064-ba77e3904313-932-1.c000.snappy.parquet
All Other Offenses,90Z,ANY,ALL OTHER,ALL OTHER,B,-,7675823500,s3://crimenet-data/raw_files/landing/seattle/occurrence_year=2014/part-00009-tid-4888582482094388601-4bf2ebc9-6283-4da3-9064-ba77e3904313-932-1.c000.snappy.parquet
Extortion/Blackmail,210,PROPERTY,EXTORTION/FRAUD/FORGERY/BRIBERY (INCLUDES BAD CHECKS),ALL OTHER,A,-,7647648902,s3://crimenet-data/raw_files/landing/seattle/occurrence_year=2014/part-00009-tid-4888582482094388601-4bf2ebc9-6283-4da3-9064-ba77e3904313-932-1.c000.snappy.parquet
Theft of Motor Vehicle Parts or Accessories,23G,PROPERTY,LARCENY-THEFT,PROPERTY CRIME,A,-,7639516911,s3://crimenet-data/raw_files/landing/seattle/occurrence_year=2014/part-00009-tid-4888582482094388601-4bf2ebc9-6283-4da3-9064-ba77e3904313-932-1.c000.snappy.parquet
Theft From Motor Vehicle,23F,PROPERTY,LARCENY-THEFT,PROPERTY CRIME,A,-,7686289995,s3://crimenet-data/raw_files/landing/seattle/occurrence_year=2014/part-00009-tid-4888582482094388601-4bf2ebc9-6283-4da3-9064-ba77e3904313-932-1.c000.snappy.parquet
Theft From Motor Vehicle,23F,PROPERTY,LARCENY-THEFT,PROPERTY CRIME,A,-,7636824673,s3://crimenet-data/raw_files/landing/seattle/occurrence_year=2014/part-00009-tid-4888582482094388601-4bf2ebc9-6283-4da3-9064-ba77e3904313-932-1.c000.snappy.parquet
All Other Offenses,90Z,ANY,ALL OTHER,ALL OTHER,B,-,7685664346,s3://crimenet-data/raw_files/landing/seattle/occurrence_year=2014/part-00009-tid-4888582482094388601-4bf2ebc9-6283-4da3-9064-ba77e3904313-932-1.c000.snappy.parquet
All Other Offenses,90Z,ANY,ALL OTHER,ALL OTHER,B,-,7695001498,s3://crimenet-data/raw_files/landing/seattle/occurrence_year=2014/part-00009-tid-4888582482094388601-4bf2ebc9-6283-4da3-9064-ba77e3904313-932-1.c000.snappy.parquet
All Other Offenses,90Z,ANY,ALL OTHER,ALL OTHER,B,-,7685685623,s3://crimenet-data/raw_files/landing/seattle/occurrence_year=2014/part-00009-tid-4888582482094388601-4bf2ebc9-6283-4da3-9064-ba77e3904313-932-1.c000.snappy.parquet
All Other Offenses,90Z,ANY,ALL OTHER,ALL OTHER,B,-,7695990155,s3://crimenet-data/raw_files/landing/seattle/occurrence_year=2014/part-00009-tid-4888582482094388601-4bf2ebc9-6283-4da3-9064-ba77e3904313-932-1.c000.snappy.parquet
Theft From Motor Vehicle,23F,PROPERTY,LARCENY-THEFT,PROPERTY CRIME,A,-,7669606178,s3://crimenet-data/raw_files/landing/seattle/occurrence_year=2014/part-00009-tid-4888582482094388601-4bf2ebc9-6283-4da3-9064-ba77e3904313-932-1.c000.snappy.parquet
All Other Offenses,90Z,ANY,ALL OTHER,ALL OTHER,B,-,7683836203,s3://crimenet-data/raw_files/landing/seattle/occurrence_year=2014/part-00009-tid-4888582482094388601-4bf2ebc9-6283-4da3-9064-ba77e3904313-932-1.c000.snappy.parquet
Impersonation,26C,PROPERTY,EXTORTION/FRAUD/FORGERY/BRIBERY (INCLUDES BAD CHECKS),ALL OTHER,A,-,7674990270,s3://crimenet-data/raw_files/landing/seattle/occurrence_year=2014/part-00009-tid-4888582482094388601-4bf2ebc9-6283-4da3-9064-ba77e3904313-932-1.c000.snappy.parquet
Burglary/Breaking & Entering,220,PROPERTY,BURGLARY,PROPERTY CRIME,A,-,7685488699,s3://crimenet-data/raw_files/landing/seattle/occurrence_year=2014/part-00009-tid-4888582482094388601-4bf2ebc9-6283-4da3-9064-ba77e3904313-932-1.c000.snappy.parquet
Trespass of Real,90J,SOCIETY,TRESPASS,ALL OTHER,B,-,7696512607,s3://crimenet-data/raw_files/landing/seattle/occurrence_year=2014/part-00009-tid-4888582482094388601-4bf2ebc9-6283-4da3-9064-ba77e3904313-932-1.c000.snappy.parquet
Simple Assault,13B,PERSON,ASSAULT OFFENSES,ALL OTHER,A,-,7694925271,s3://crimenet-data/raw_files/landing/seattle/occurrence_year=2014/part-00009-tid-4888582482094388601-4bf2ebc9-6283-4da3-9064-ba77e3904313-932-1.c000.snappy.parquet
Burglary/Breaking & Entering,220,PROPERTY,BURGLARY,PROPERTY CRIME,A,-,7672363422,s3://crimenet-data/raw_files/landing/seattle/occurrence_year=2014/part-00009-tid-4888582482094388601-4bf2ebc9-6283-4da3-9064-ba77e3904313-932-1.c000.snappy.parquet
Aggravated Assault,13A,PERSON,AGGRAVATED ASSAULT,VIOLENT CRIME,A,-,7640930322,s3://crimenet-data/raw_files/landing/seattle/occurrence_year=2014/part-00009-tid-4888582482094388601-4bf2ebc9-6283-4da3-9064-ba77e3904313-932-1.c000.snappy.parquet
Theft From Motor Vehicle,23F,PROPERTY,LARCENY-THEFT,PROPERTY CRIME,A,-,7674506231,s3://crimenet-data/raw_files/landing/seattle/occurrence_year=2014/part-00009-tid-4888582482094388601-4bf2ebc9-6283-4da3-9064-ba77e3904313-932-1.c000.snappy.parquet
Drug/Narcotic Violations,35A,SOCIETY,NARCOTIC VIOLATIONS (INCLUDES DRUG EQUIP.),ALL OTHER,A,-,7689790935,s3://crimenet-data/raw_files/landing/seattle/occurrence_year=2014/part-00009-tid-4888582482094388601-4bf2ebc9-6283-4da3-9064-ba77e3904313-932-1.c000.snappy.parquet
Burglary/Breaking & Entering,220,PROPERTY,BURGLARY,PROPERTY CRIME,A,-,7687118027,s3://crimenet-data/raw_files/landing/seattle/occurrence_year=2014/part-00009-tid-4888582482094388601-4bf2ebc9-6283-4da3-9064-ba77e3904313-932-1.c000.snappy.parquet
All Other Larceny,23H,PROPERTY,LARCENY-THEFT,PROPERTY CRIME,A,-,7661987911,s3://crimenet-data/raw_files/landing/seattle/occurrence_year=2014/part-00009-tid-4888582482094388601-4bf2ebc9-6283-4da3-9064-ba77e3904313-932-1.c000.snappy.parquet
All Other Offenses,90Z,ANY,ALL OTHER,ALL OTHER,B,-,7693967224,s3://crimenet-data/raw_files/landing/seattle/occurrence_year=2014/part-00009-tid-4888582482094388601-4bf2ebc9-6283-4da3-9064-ba77e3904313-932-1.c000.snappy.parquet
Violation of No Contact Orders,500,PERSON,VIOLATION OF NO CONTACT ORDER,ALL OTHER,A,-,7670267040,s3://crimenet-data/raw_files/landing/seattle/occurrence_year=2014/part-00009-tid-4888582482094388601-4bf2ebc9-6283-4da3-9064-ba77e3904313-932-1.c000.snappy.parquet
All Other Offenses,90Z,ANY,ALL OTHER,ALL OTHER,B,-,7671260488,s3://crimenet-data/raw_files/landing/seattle/occurrence_year=2014/part-00009-tid-4888582482094388601-4bf2ebc9-6283-4da3-9064-ba77e3904313-932-1.c000.snappy.parquet
Shoplifting,23C,PROPERTY,LARCENY-THEFT,PROPERTY CRIME,A,-,7662345046,s3://crimenet-data/raw_files/landing/seattle/occurrence_year=2014/part-00009-tid-4888582482094388601-4bf2ebc9-6283-4da3-9064-ba77e3904313-932-1.c000.snappy.parquet
Burglary/Breaking & Entering,220,PROPERTY,BURGLARY,PROPERTY CRIME,A,-,7688563059,s3://crimenet-data/raw_files/landing/seattle/occurrence_year=2014/part-00009-tid-4888582482094388601-4bf2ebc9-6283-4da3-9064-ba77e3904313-932-1.c000.snappy.parquet
Simple Assault,13B,PERSON,ASSAULT OFFENSES,ALL OTHER,A,-,7688585165,s3://crimenet-data/raw_files/landing/seattle/occurrence_year=2014/part-00009-tid-4888582482094388601-4bf2ebc9-6283-4da3-9064-ba77e3904313-932-1.c000.snappy.parquet
