iucr,description,fbi_code,primary_type,row_count
0486,DOMESTIC BATTERY SIMPLE,08B,BATTERY,263832
0820,$500 AND UNDER,06,THEFT,256571
0810,OVER $500,06,THEFT,184981
0460,SIMPLE,08B,BATTERY,180181
1320,TO VEHICLE,14,CRIMINAL DAMAGE,163731
0560,SIMPLE,08A,ASSAULT,156906
1310,TO PROPERTY,14,CRIMINAL DAMAGE,152547
0910,AUTOMOBILE,07,MOTOR VEHICLE THEFT,137615
0860,RETAIL THEFT,06,THEFT,115547
0890,FROM BUILDING,06,THEFT,86546
0610,FORCIBLE ENTRY,05,BURGLARY,71337
1153,FINANCIAL IDENTITY THEFT OVER $ 300,11,DECEPTIVE PRACTICE,54389
2820,TELEPHONE THREAT,08A,OTHER OFFENSE,44730
0620,UNLAWFUL ENTRY,05,BURGLARY,40951
1330,TO LAND,26,CRIMINAL TRESPASS,39518
1150,CREDIT CARD FRAUD,11,DECEPTIVE PRACTICE,36354
2825,HARASSMENT BY TELEPHONE,26,OTHER OFFENSE,31965
1811,POSS: CANNABIS 30GMS OR LESS,18,NARCOTICS,30834
143A,UNLAWFUL POSSESSION - HANDGUN,15,WEAPONS VIOLATION,29773
2826,HARASSMENT BY ELECTRONIC MEANS,26,OTHER OFFENSE,29700
1130,FRAUD OR CONFIDENCE GAME,11,DECEPTIVE PRACTICE,26209
051A,AGGRAVATED - HANDGUN,04A,ASSAULT,26008
1154,FINANCIAL IDENTITY THEFT $300 AND UNDER,11,DECEPTIVE PRACTICE,24819
031A,ARMED: HANDGUN,03,ROBBERY,22480
4387,VIOLATE ORDER OF PROTECTION,26,OTHER OFFENSE,20953
0320,STRONGARM - NO WEAPON,03,ROBBERY,20095
0870,POCKET-PICKING,06,THEFT,20091
031A,ARMED - HANDGUN,03,ROBBERY,20088
143A,UNLAWFUL POSS OF HANDGUN,15,WEAPONS VIOLATION,19108
2024,POSS: HEROIN(WHITE),18,NARCOTICS,18607
1152,ILLEGAL USE CASH CARD,11,DECEPTIVE PRACTICE,15402
051A,AGGRAVATED: HANDGUN,04A,ASSAULT,15260
1477,RECKLESS FIREARM DISCHARGE,15,WEAPONS VIOLATION,14606
1365,TO RESIDENCE,26,CRIMINAL TRESPASS,14492
0920,ATTEMPT - AUTOMOBILE,07,MOTOR VEHICLE THEFT,13874
5002,OTHER VEHICLE OFFENSE,26,OTHER OFFENSE,13364
041A,AGGRAVATED - HANDGUN,04B,BATTERY,13205
0320,STRONG ARM - NO WEAPON,03,ROBBERY,12082
0430,AGGRAVATED: OTHER DANG WEAPON,04B,BATTERY,11352
0470,RECKLESS CONDUCT,24,PUBLIC PEACE VIOLATION,10812
0430,AGGRAVATED - OTHER DANGEROUS WEAPON,04B,BATTERY,10599
041A,AGGRAVATED: HANDGUN,04B,BATTERY,10044
2027,POSS: CRACK,18,NARCOTICS,9606
1120,FORGERY,10,DECEPTIVE PRACTICE,9541
2093,FOUND SUSPECT NARCOTICS,18,NARCOTICS,9525
1305,CRIMINAL DEFACEMENT,14,CRIMINAL DAMAGE,9306
0520,AGGRAVATED:KNIFE/CUTTING INSTR,04A,ASSAULT,8771
0520,AGGRAVATED - KNIFE / CUTTING INSTRUMENT,04A,ASSAULT,8601
0930,THEFT / RECOVERY - AUTOMOBILE,07,MOTOR VEHICLE THEFT,8508
1360,TO VEHICLE,26,CRIMINAL TRESPASS,8382
0710,THEFT FROM MOTOR VEHICLE,06,THEFT,8222
2014,MANU/DELIVER: HEROIN (WHITE),18,NARCOTICS,8110
0326,AGGRAVATED VEHICULAR HIJACKING,03,ROBBERY,7765
0281,NON-AGGRAVATED,02,CRIMINAL SEXUAL ASSAULT,7708
0110,FIRST DEGREE MURDER,01A,HOMICIDE,7448
2024,POSSESS - HEROIN (WHITE),18,NARCOTICS,7267
1750,CHILD ABUSE,08B,OFFENSE INVOLVING CHILDREN,6985
1156,ATTEMPT - FINANCIAL IDENTITY THEFT,11,DECEPTIVE PRACTICE,6960
0497,AGGRAVATED DOMESTIC BATTERY: OTHER DANG WEAPON,04B,BATTERY,6622
0530,AGGRAVATED: OTHER DANG WEAPON,04A,ASSAULT,6321
3731,OBSTRUCTING IDENTIFICATION,24,INTERFERENCE WITH PUBLIC OFFICER,6264
0330,AGGRAVATED,03,ROBBERY,6131
1345,TO CITY OF CHICAGO PROPERTY,14,CRIMINAL DAMAGE,6109
0530,AGGRAVATED - OTHER DANGEROUS WEAPON,04A,ASSAULT,5937
0497,AGGRAVATED DOMESTIC BATTERY - OTHER DANGEROUS WEAPON,04B,BATTERY,5906
1210,THEFT OF LABOR/SERVICES,11,DECEPTIVE PRACTICE,5749
1506,SOLICIT ON PUBLIC WAY,16,PROSTITUTION,5725
5011,LICENSE VIOLATION,26,OTHER OFFENSE,5498
0630,ATTEMPT FORCIBLE ENTRY,05,BURGLARY,5475
0880,PURSE-SNATCHING,06,THEFT,5471
502P,FALSE / STOLEN / ALTERED TRP,26,OTHER OFFENSE,5460
1121,COUNTERFEITING DOCUMENT,10,DECEPTIVE PRACTICE,5310
0420,AGGRAVATED:KNIFE/CUTTING INSTR,04B,BATTERY,5290
0498,"AGG. DOMESTIC BATTERY - HANDS, FISTS, FEET, SERIOUS INJURY",04B,BATTERY,5238
1812,POSS: CANNABIS MORE THAN 30GMS,18,NARCOTICS,5114
0281,NON-AGGRAVATED,02,CRIM SEXUAL ASSAULT,5103
5000,OTHER CRIME AGAINST PERSON,26,OTHER OFFENSE,4989
1350,TO STATE SUP LAND,26,CRIMINAL TRESPASS,4966
1563,CRIMINAL SEXUAL ABUSE,17,SEX OFFENSE,4938
4625,PAROLE VIOLATION,26,OTHER OFFENSE,4848
1780,OTHER OFFENSE,20,OFFENSE INVOLVING CHILDREN,4826
0420,AGGRAVATED - KNIFE / CUTTING INSTRUMENT,04B,BATTERY,4800
502P,FALSE/STOLEN/ALTERED TRP,26,OTHER OFFENSE,4657
1110,BOGUS CHECK,11,DECEPTIVE PRACTICE,4581
0484,PRO EMP HANDS NO/MIN INJURY,08B,BATTERY,4485
0496,AGGRAVATED DOMESTIC BATTERY: KNIFE/CUTTING INST,04B,BATTERY,4450
0850,ATTEMPT THEFT,06,THEFT,4381
0760,BURGLARY FROM MOTOR VEHICLE,06,BURGLARY,4306
1822,MANU/DEL:CANNABIS OVER 10 GMS,18,NARCOTICS,4218
1122,COUNTERFEIT CHECK,10,DECEPTIVE PRACTICE,4161
2027,POSSESS - CRACK,18,NARCOTICS,4149
1020,BY FIRE,09,ARSON,4080
0454,AGG PO HANDS NO/MIN INJURY,08B,BATTERY,4018
2022,POSS: COCAINE,18,NARCOTICS,4006
1821,MANU/DEL:CANNABIS 10GM OR LESS,18,NARCOTICS,3914
0930,THEFT/RECOVERY: AUTOMOBILE,07,MOTOR VEHICLE THEFT,3904
0545,PRO EMP HANDS NO/MIN INJURY,08A,ASSAULT,3868
0325,VEHICULAR HIJACKING,03,ROBBERY,3482
502R,VEHICLE TITLE/REG OFFENSE,26,OTHER OFFENSE,3450
0495,AGGRAVATED OF A SENIOR CITIZEN,04B,BATTERY,3435
1812,POSSESS - CANNABIS MORE THAN 30 GRAMS,18,NARCOTICS,3300
0454,"AGGRAVATED P.O. - HANDS, FISTS, FEET, NO / MINOR INJURY",08B,BATTERY,3272
0496,AGGRAVATED DOMESTIC BATTERY - KNIFE / CUTTING INSTRUMENT,04B,BATTERY,3248
2017,MANU/DELIVER:CRACK,18,NARCOTICS,3210
1210,THEFT OF LABOR / SERVICES,11,DECEPTIVE PRACTICE,3097
502R,VEHICLE TITLE / REGISTRATION OFFENSE,26,OTHER OFFENSE,3050
0650,HOME INVASION,05,BURGLARY,3040
5001,OTHER CRIME INVOLVING PROPERTY,26,OTHER OFFENSE,3039
1220,THEFT OF LOST / MISLAID PROPERTY,11,DECEPTIVE PRACTICE,2948
1822,MANUFACTURE / DELIVER - CANNABIS OVER 10 GRAMS,18,NARCOTICS,2920
2092,SOLICIT NARCOTICS ON PUBLICWAY,18,NARCOTICS,2900
1242,COMPUTER FRAUD,11,DECEPTIVE PRACTICE,2665
0313,ARMED: OTHER DANGEROUS WEAPON,03,ROBBERY,2636
0312,ARMED:KNIFE/CUTTING INSTRUMENT,03,ROBBERY,2631
0580,SIMPLE,08A,STALKING,2591
1570,PUBLIC INDECENCY,17,SEX OFFENSE,2557
0498,AGGRAVATED DOMESTIC BATTERY: HANDS/FIST/FEET SERIOUS INJURY,04B,BATTERY,2557
0484,"PROTECTED EMPLOYEE - HANDS, FISTS, FEET, NO / MINOR INJURY",08B,BATTERY,2449
0920,ATT: AUTOMOBILE,07,MOTOR VEHICLE THEFT,2400
2014,MANUFACTURE / DELIVER -  HEROIN (WHITE),18,NARCOTICS,2398
141A,UNLAWFUL USE HANDGUN,15,WEAPONS VIOLATION,2383
2028,POSS: SYNTHETIC DRUGS,18,NARCOTICS,2178
0340,ATTEMPT: STRONGARM-NO WEAPON,03,ROBBERY,2141
3710,RESIST/OBSTRUCT/DISARM OFFICER,24,INTERFERENCE WITH PUBLIC OFFICER,2119
0312,ARMED - KNIFE / CUTTING INSTRUMENT,03,ROBBERY,2074
5007,OTHER WEAPONS VIOLATION,26,OTHER OFFENSE,2041
2170,POSSESSION OF DRUG EQUIPMENT,18,NARCOTICS,1975
033A,ATTEMPT: ARMED-HANDGUN,03,ROBBERY,1958
1710,ENDANGERING LIFE/HEALTH CHILD,20,OFFENSE INVOLVING CHILDREN,1952
033A,ATTEMPT ARMED - HANDGUN,03,ROBBERY,1929
0554,AGG PO HANDS NO/MIN INJURY,08A,ASSAULT,1927
1206,"THEFT BY LESSEE,MOTOR VEH",11,DECEPTIVE PRACTICE,1884
1752,AGGRAVATED CRIMINAL SEXUAL ABUSE BY FAMILY MEMBER,17,OFFENSE INVOLVING CHILDREN,1861
0915,"TRUCK, BUS, MOTOR HOME",07,MOTOR VEHICLE THEFT,1809
1206,"THEFT BY LESSEE, MOTOR VEHICLE",11,DECEPTIVE PRACTICE,1804
2022,POSSESS - COCAINE,18,NARCOTICS,1794
141B,UNLAWFUL USE - OTHER FIREARM,15,WEAPONS VIOLATION,1791
141A,UNLAWFUL USE - HANDGUN,15,WEAPONS VIOLATION,1781
1710,ENDANGERING LIFE / HEALTH OF CHILD,20,OFFENSE INVOLVING CHILDREN,1728
1811,POSSESS - CANNABIS 30 GRAMS OR LESS,18,NARCOTICS,1702
1220,THEFT OF LOST/MISLAID PROP,11,DECEPTIVE PRACTICE,1701
2250,LIQUOR LICENSE VIOLATION,22,LIQUOR LAW VIOLATION,1684
5111,GUN OFFENDER: ANNUAL REGISTRATION,26,OTHER OFFENSE,1679
0917,"CYCLE, SCOOTER, BIKE WITH VIN",07,MOTOR VEHICLE THEFT,1674
5111,GUN OFFENDER - ANNUAL REGISTRATION,26,OTHER OFFENSE,1642
0313,ARMED - OTHER DANGEROUS WEAPON,03,ROBBERY,1638
4650,SEX OFFENDER: FAIL TO REGISTER,26,OTHER OFFENSE,1548
1581,NON-CONSENSUAL DISSEMINATION OF PRIVATE SEXUAL IMAGES,17,SEX OFFENSE,1534
0545,"PROTECTED EMPLOYEE - HANDS, FISTS, FEET, NO / MINOR INJURY",08A,ASSAULT,1533
0265,AGGRAVATED - OTHER,02,CRIMINAL SEXUAL ASSAULT,1512
2850,BOMB THREAT,24,PUBLIC PEACE VIOLATION,1486
1661,GAME/DICE,19,GAMBLING,1410
1582,CHILD PORNOGRAPHY,17,OFFENSE INVOLVING CHILDREN,1405
2026,POSS: PCP,18,NARCOTICS,1395
0340,ATTEMPT STRONG ARM - NO WEAPON,03,ROBBERY,1387
1754,AGGRAVATED SEXUAL ASSAULT OF CHILD BY FAMILY MEMBER,02,OFFENSE INVOLVING CHILDREN,1380
0440,"AGGRAVATED - HANDS, FISTS, FEET, NO / MINOR INJURY",08B,BATTERY,1320
4386,VIOLATION OF CIVIL NO CONTACT ORDER,26,OTHER OFFENSE,1283
2017,MANUFACTURE / DELIVER - CRACK,18,NARCOTICS,1241
3710,RESIST / OBSTRUCT / DISARM OFFICER,24,INTERFERENCE WITH PUBLIC OFFICER,1223
2890,OTHER VIOLATION,24,PUBLIC PEACE VIOLATION,1218
1752,AGG CRIM SEX ABUSE FAM MEMBER,17,OFFENSE INVOLVING CHILDREN,1199
4650,SEX OFFENDER - FAIL TO REGISTER,26,OTHER OFFENSE,1195
1155,AGGRAVATED FINANCIAL IDENTITY THEFT,11,DECEPTIVE PRACTICE,1162
3960,INTIMIDATION,08A,INTIMIDATION,1154
0917,"CYCLE, SCOOTER, BIKE W-VIN",07,MOTOR VEHICLE THEFT,1154
1562,AGG CRIMINAL SEXUAL ABUSE,17,SEX OFFENSE,1133
2021,POSS: BARBITUATES,18,NARCOTICS,1112
4651,SEX OFFENDER: FAIL REG NEW ADD,26,OTHER OFFENSE,1094
1562,AGGRAVATED CRIMINAL SEXUAL ABUSE,17,SEX OFFENSE,1088
141C,UNLAWFUL USE OTHER DANG WEAPON,15,WEAPONS VIOLATION,1057
2091,FORFEIT PROPERTY,18,NARCOTICS,1051
2028,POSSESS - SYNTHETIC DRUGS,18,NARCOTICS,1036
0265,AGGRAVATED: OTHER,02,CRIM SEXUAL ASSAULT,1006
0440,AGG: HANDS/FIST/FEET NO/MINOR INJURY,08B,BATTERY,991
1790,CHILD ABDUCTION,26,OFFENSE INVOLVING CHILDREN,974
0479,"AGGRAVATED - HANDS, FISTS, FEET, SERIOUS INJURY",04B,BATTERY,961
051B,AGGRAVATED - OTHER FIREARM,04A,ASSAULT,941
4651,SEX OFFENDER - FAIL TO REGISTER NEW ADDRESS,26,OTHER OFFENSE,941
2851,ARSON THREAT,24,PUBLIC PEACE VIOLATION,939
0479,AGG: HANDS/FIST/FEET SERIOUS INJURY,04B,BATTERY,936
1585,OTHER,17,SEX OFFENSE,933
501A,ANIMAL ABUSE/NEGLECT,26,OTHER OFFENSE,910
3730,OBSTRUCTING JUSTICE,24,INTERFERENCE WITH PUBLIC OFFICER,904
2023,POSS: HEROIN(BRN/TAN),18,NARCOTICS,864
2025,POSS: HALLUCINOGENS,18,NARCOTICS,856
1340,TO STATE SUP PROP,14,CRIMINAL DAMAGE,853
501A,ANIMAL ABUSE / NEGLECT,26,OTHER OFFENSE,836
0485,AGGRAVATED OF A CHILD,04B,BATTERY,818
5110,GUN OFFENDER: DUTY TO REGISTER,26,OTHER OFFENSE,817
2860,FALSE POLICE REPORT,24,PUBLIC PEACE VIOLATION,810
0266,PREDATORY,02,CRIMINAL SEXUAL ASSAULT,777
0554,"AGGRAVATED POLICE OFFICER - HANDS, FISTS, FEET, NO INJURY",08A,ASSAULT,770
1478,PROHIBITED PLACES,15,CONCEALED CARRY LICENSE VIOLATION,744
0584,VIOLATION OF STALKING NO CONTACT ORDER,26,STALKING,729
1544,SEXUAL EXPLOITATION OF A CHILD,17,SEX OFFENSE,709
3970,EXTORTION,26,INTIMIDATION,694
0266,PREDATORY,02,CRIM SEXUAL ASSAULT,687
1090,ATTEMPT ARSON,09,ARSON,672
1751,CRIMINAL SEXUAL ABUSE BY FAMILY MEMBER,17,OFFENSE INVOLVING CHILDREN,660
5110,GUN OFFENDER - DUTY TO REGISTER,26,OTHER OFFENSE,645
1753,SEXUAL ASSAULT OF CHILD BY FAMILY MEMBER,02,OFFENSE INVOLVING CHILDREN,634
1751,CRIM SEX ABUSE BY FAM MEMBER,17,OFFENSE INVOLVING CHILDREN,613
143B,UNLAWFUL POSS OTHER FIREARM,15,WEAPONS VIOLATION,608
2092,SOLICIT NARCOTICS ON PUBLIC WAY,18,NARCOTICS,608
1195,FINANCIAL EXPLOITATION OF AN ELDERLY OR DISABLED PERSON,11,DECEPTIVE PRACTICE,597
1513,SOLICIT FOR BUSINESS,16,PROSTITUTION,593
1754,AGG SEX ASSLT OF CHILD FAM MBR,02,OFFENSE INVOLVING CHILDREN,591
1025,AGGRAVATED,09,ARSON,588
143C,UNLAWFUL POSS AMMUNITION,15,WEAPONS VIOLATION,585
051B,AGGRAVATED: OTHER FIREARM,04A,ASSAULT,582
2025,POSSESS - HALLUCINOGENS,18,NARCOTICS,581
1480,OTHER,15,CONCEALED CARRY LICENSE VIOLATION,555
1185,DECEPTIVE COLLECTION PRACTICES,11,DECEPTIVE PRACTICE,535
2026,POSSESS - PCP,18,NARCOTICS,531
4389,VIOLATION GPS MONITORING DEVICE,26,OTHER OFFENSE,531
0334,ATTEMPT: ARMED-KNIFE/CUT INSTR,03,ROBBERY,522
1140,EMBEZZLEMENT,12,DECEPTIVE PRACTICE,507
2870,PEEPING TOM,24,PUBLIC PEACE VIOLATION,501
1755,CHILD ABANDONMENT,20,OFFENSE INVOLVING CHILDREN,501
1261,UNAUTHORIZED VIDEOTAPING,11,DECEPTIVE PRACTICE,496
143B,UNLAWFUL POSSESSION - OTHER FIREARM,15,WEAPONS VIOLATION,490
2021,POSSESS - BARBITURATES,18,NARCOTICS,485
0453,AGGRAVATED POLICE OFFICER - OTHER DANGEROUS WEAPON,04B,BATTERY,478
031B,ARMED - OTHER FIREARM,03,ROBBERY,469
1460,POSS FIREARM/AMMO:NO FOID CARD,15,WEAPONS VIOLATION,452
1792,CHILD ABDUCTION/STRANGER,26,KIDNAPPING,450
2031,POSS: METHAMPHETAMINES,18,NARCOTICS,436
0865,DELIVERY CONTAINER THEFT,06,THEFT,435
0461,"AGGRAVATED P.O. - HANDS, FISTS, FEET, SERIOUS INJURY",04B,BATTERY,422
2090,ALTER/FORGE PRESCRIPTION,18,NARCOTICS,421
0291,ATTEMPT NON-AGGRAVATED,02,CRIM SEXUAL ASSAULT,420
5112,GUN OFFENDER: DUTY TO REPORT CHANGE OF INFORMATION,26,OTHER OFFENSE,416
0261,AGGRAVATED - HANDGUN,02,CRIMINAL SEXUAL ASSAULT,414
2012,MANU/DELIVER:COCAINE,18,NARCOTICS,412
0840,FINANCIAL ID THEFT: OVER $300,06,THEFT,412
1540,OBSCENE MATTER,26,OBSCENITY,406
141B,UNLAWFUL USE OTHER FIREARM,15,WEAPONS VIOLATION,404
0583,CYBERSTALKING,08A,STALKING,400
1340,TO STATE SUPPORTED PROPERTY,14,CRIMINAL DAMAGE,398
3400,LOOTING,24,PUBLIC PEACE VIOLATION,397
1479,ARMED WHILE UNDER THE INFLUENCE,15,CONCEALED CARRY LICENSE VIOLATION,397
4230,UNLAWFUL RESTRAINT,26,KIDNAPPING,397
0483,AGG PRO.EMP: OTHER DANG WEAPON,04B,BATTERY,396
1195,FINAN EXPLOIT-ELDERLY/DISABLED,11,DECEPTIVE PRACTICE,388
2031,POSSESS - METHAMPHETAMINE,18,NARCOTICS,384
0331,ATTEMPT: AGGRAVATED,03,ROBBERY,384
2210,SELL/GIVE/DEL LIQUOR TO MINOR,22,LIQUOR LAW VIOLATION,383
1187,STATE BENEFITS FRAUD,11,DECEPTIVE PRACTICE,376
2095,ATTEMPT POSSESSION NARCOTICS,18,NARCOTICS,375
141C,UNLAWFUL USE - OTHER DANGEROUS WEAPON,15,WEAPONS VIOLATION,374
0331,ATTEMPT AGGRAVATED,03,ROBBERY,371
143C,UNLAWFUL POSSESSION - AMMUNITION,15,WEAPONS VIOLATION,370
0453,AGGRAVATED PO: OTHER DANG WEAP,04B,BATTERY,367
1200,STOLEN PROP: BUY/RECEIVE/POS.,13,DECEPTIVE PRACTICE,364
0483,AGGRAVATED PROTECTED EMPLOYEE - OTHER DANGEROUS WEAPON,04B,BATTERY,361
0337,ATTEMPT: ARMED-OTHER DANG WEAP,03,ROBBERY,359
0291,ATTEMPT NON-AGGRAVATED,02,CRIMINAL SEXUAL ASSAULT,350
1240,UNLAWFUL USE OF A COMPUTER,11,DECEPTIVE PRACTICE,349
2023,POSSESS - HEROIN (TAN / BROWN TAR),18,NARCOTICS,347
0334,ATTEMPT ARMED - KNIFE / CUTTING INSTRUMENT,03,ROBBERY,345
1200,STOLEN PROPERTY BUY / RECEIVE / POSSESS,13,DECEPTIVE PRACTICE,345
1170,IMPERSONATION,11,DECEPTIVE PRACTICE,340
0553,AGGRAVATED PO: OTHER DANG WEAP,04A,ASSAULT,340
1753,SEX ASSLT OF CHILD BY FAM MBR,02,OFFENSE INVOLVING CHILDREN,331
1581,NON-CONSENSUAL DISSEMINATION PRIVATE SEXUAL IMAGES,17,SEX OFFENSE,325
1505,CALL OPERATION,16,PROSTITUTION,317
2220,ILLEGAL POSSESSION BY MINOR,22,LIQUOR LAW VIOLATION,313
4255,UNLAWFUL INTERFERE/VISITATION,26,KIDNAPPING,313
4510,PROBATION VIOLATION,26,OTHER OFFENSE,304
0558,AGG PRO.EMP: OTHER DANG WEAPON,04A,ASSAULT,302
3760,OBSTRUCTING SERVICE,24,INTERFERENCE WITH PUBLIC OFFICER,300
2830,OBSCENE TELEPHONE CALLS,17,OTHER OFFENSE,300
031B,ARMED: OTHER FIREARM,03,ROBBERY,299
2018,MANU/DELIVER:SYNTHETIC DRUGS,18,NARCOTICS,298
0918,"CYCLE, SCOOTER, BIKE NO VIN",07,MOTOR VEHICLE THEFT,297
1512,SOLICIT FOR PROSTITUTE,16,PROSTITUTION,294
1151,ILLEGAL POSSESSION CASH CARD,11,DECEPTIVE PRACTICE,292
1821,MANUFACTURE / DELIVER - CANNABIS 10 GRAMS OR LESS,18,NARCOTICS,290
0261,AGGRAVATED: HANDGUN,02,CRIM SEXUAL ASSAULT,282
0550,AGGRAVATED POLICE OFFICER - HANDGUN,04A,ASSAULT,277
0553,AGGRAVATED POLICE OFFICER - OTHER DANGEROUS WEAPON,04A,ASSAULT,259
0462,"AGG. PROTECTED EMPLOYEE - HANDS, FISTS, FEET, SERIOUS INJURY",04B,BATTERY,259
2900,UNLAWFUL USE/SALE AIR RIFLE,15,WEAPONS VIOLATION,256
0550,AGGRAVATED PO: HANDGUN,04A,ASSAULT,252
2020,POSS: AMPHETAMINES,18,NARCOTICS,248
5131,VIOLENT OFFENDER: ANNUAL REGISTRATION,26,OTHER OFFENSE,245
2016,MANU/DELIVER:PCP,18,NARCOTICS,243
0557,AGG PRO.EMP:KNIFE/CUTTING INST,04A,ASSAULT,238
2020,POSSESS - AMPHETAMINES,18,NARCOTICS,238
1335,TO AIRPORT,26,CRIMINAL TRESPASS,233
0337,ATTEMPT ARMED - OTHER DANGEROUS WEAPON,03,ROBBERY,232
2050,CRIMINAL DRUG CONSPIRACY,18,NARCOTICS,228
0558,AGGRAVATED PROTECTED EMPLOYEE - OTHER DANGEROUS WEAPON,04A,ASSAULT,228
1460,POSSESS FIREARM / AMMUNITION - NO FOID CARD,15,WEAPONS VIOLATION,226
3100,MOB ACTION,24,PUBLIC PEACE VIOLATION,209
4210,KIDNAPPING,26,KIDNAPPING,202
2013,MANU/DELIVER: HEROIN(BRN/TAN),18,NARCOTICS,200
502T,TAMPER WITH MOTOR VEHICLE,26,OTHER OFFENSE,199
2012,MANUFACTURE / DELIVER - COCAINE,18,NARCOTICS,194
0263,AGGRAVATED - KNIFE / CUTTING INSTRUMENT,02,CRIMINAL SEXUAL ASSAULT,193
2230,ILLEGAL CONSUMPTION BY MINOR,22,LIQUOR LAW VIOLATION,190
5131,VIOLENT OFFENDER - ANNUAL REGISTRATION,26,OTHER OFFENSE,189
5004,ATTEMPT CRIMINAL SEXUAL ABUSE,17,SEX OFFENSE,188
0552,AGGRAVATED PO:KNIFE/CUT INSTR,04A,ASSAULT,186
0555,AGGRAVATED PROTECTED EMPLOYEE - HANDGUN,04A,ASSAULT,186
5004,ATT CRIM SEXUAL ABUSE,17,SEX OFFENSE,186
0555,AGG PRO.EMP: HANDGUN,04A,ASSAULT,179
0263,AGGRAVATED: KNIFE/CUT INSTR,02,CRIM SEXUAL ASSAULT,176
0462,AGG PRO EMP HANDS SERIOUS INJ,04B,BATTERY,173
0935,"THEFT/RECOVERY: TRUCK,BUS,MHOME",07,MOTOR VEHICLE THEFT,172
4860,BOARD PLANE WITH WEAPON,26,OTHER OFFENSE,172
2015,MANU/DELIVER: HALLUCINOGEN,18,NARCOTICS,167
1792,CHILD ABDUCTION / STRANGER,26,KIDNAPPING,164
1565,INDECENT SOLICITATION OF A CHILD,17,SEX OFFENSE,162
5112,GUN OFFENDER - DUTY TO REPORT CHANGE OF INFORMATION,26,OTHER OFFENSE,161
1375,INSTITUTIONAL VANDALISM,14,CRIMINAL DAMAGE,159
4310,POSSESSION OF BURGLARY TOOLS,26,OTHER OFFENSE,155
2840,FALSE FIRE ALARM,24,PUBLIC PEACE VIOLATION,154
1565,INDECENT SOLICITATION/CHILD,17,SEX OFFENSE,154
4388,VIO BAIL BOND: DOM VIOLENCE,26,OTHER OFFENSE,145
2210,SELL / GIVE / DELIVER LIQUOR TO MINOR,22,LIQUOR LAW VIOLATION,142
1192,WIC FRAUD,11,DECEPTIVE PRACTICE,141
2896,TIRE DEFLATION DEVICE DEPLOYMENT,24,PUBLIC PEACE VIOLATION,140
3750,ESCAPE,24,INTERFERENCE WITH PUBLIC OFFICER,140
1549,OTHER PROSTITUTION OFFENSE,16,PROSTITUTION,137
3800,INTERFERENCE JUDICIAL PROCESS,26,INTERFERENCE WITH PUBLIC OFFICER,137
0557,AGGRAVATED PROTECTED EMPLOYEE - KNIFE / CUTTING INSTRUMENT,04A,ASSAULT,137
4255,UNLAWFUL VISITATION INTERFERENCE,26,KIDNAPPING,136
0895,FROM COIN-OP MACHINE/DEVICE,06,THEFT,133
4388,VIOLATION OF BAIL BOND - DOMESTIC VIOLENCE,26,OTHER OFFENSE,133
1241,AGGRAVATED COMPUTER TAMPERING,11,DECEPTIVE PRACTICE,132
0841,FINANCIAL ID THEFT:$300 &UNDER,06,THEFT,131
0461,AGG PO HANDS ETC SERIOUS INJ,04B,BATTERY,125
0935,"THEFT / RECOVERY - TRUCK, BUS, MOBILE HOME",07,MOTOR VEHICLE THEFT,119
1235,UNLAWFUL USE OF RECORDED SOUND,11,DECEPTIVE PRACTICE,119
0488,AGGRAVATED DOMESTIC BATTERY - HANDGUN,04B,BATTERY,118
5130,VIOLENT OFFENDER: DUTY TO REGISTER,26,OTHER OFFENSE,117
5130,VIOLENT OFFENDER - DUTY TO REGISTER,26,OTHER OFFENSE,115
2011,MANU/DELIVER:BARBITUATES,18,NARCOTICS,115
1536,LICENSED PREMISE,17,PUBLIC INDECENCY,112
4220,AGGRAVATED,26,KIDNAPPING,109
2018,MANUFACTURE / DELIVER - SYNTHETIC DRUGS,18,NARCOTICS,108
2034,POSSESSION: SYNTHETIC MARIJUANA,18,NARCOTICS,108
1135,INSURANCE FRAUD,11,DECEPTIVE PRACTICE,101
033B,ATTEMPT ARMED - OTHER FIREARM,03,ROBBERY,100
2015,MANUFACTURE / DELIVER - HALLUCINOGEN,18,NARCOTICS,98
0925,"ATTEMPT - TRUCK, BUS, MOTOR HOME",07,MOTOR VEHICLE THEFT,98
2900,UNLAWFUL USE / SALE OF AIR RIFLE,15,WEAPONS VIOLATION,97
1535,OBSCENITY,17,OBSCENITY,96
0937,"THEFT / RECOVERY - CYCLE, SCOOTER, BIKE WITH VIN",07,MOTOR VEHICLE THEFT,93
3300,PUBLIC DEMONSTRATION,24,PUBLIC PEACE VIOLATION,93
2110,POS: HYPODERMIC NEEDLE,18,NARCOTICS,92
2090,ALTER / FORGE PRESCRIPTION,18,NARCOTICS,91
1245,PAY TV SERVICE OFFENSES,11,DECEPTIVE PRACTICE,89
1541,SALE/DIST OBSCENE MAT TO MINOR,26,OBSCENITY,89
041B,AGGRAVATED - OTHER FIREARM,04B,BATTERY,89
1050,COMMERCIAL SEX ACTS,26,HUMAN TRAFFICKING,87
1205,"THEFT BY LESSEE, NON-MOTOR VEHICLE",11,DECEPTIVE PRACTICE,85
500E,EAVESDROPPING,26,OTHER OFFENSE,80
041B,AGGRAVATED: OTHER FIREARM,04B,BATTERY,78
1720,CONTRIBUTE DELINQUENCY OF A CHILD,20,OFFENSE INVOLVING CHILDREN,78
0264,AGGRAVATED: OTHER DANG WEAPON,02,CRIM SEXUAL ASSAULT,73
1900,INTOXICATING COMPOUNDS,18,OTHER NARCOTIC VIOLATION,71
1205,"THEFT BY LESSEE,NON-VEH",11,DECEPTIVE PRACTICE,70
0142,RECKLESS HOMICIDE,01B,HOMICIDE,70
1010,BY EXPLOSIVE,09,ARSON,69
0275,ATTEMPT AGGRAVATED - OTHER,02,CRIMINAL SEXUAL ASSAULT,68
0275,ATTEMPT AGG: OTHER,02,CRIM SEXUAL ASSAULT,67
1541,SALE / DISTRIBUTE OBSCENE MATERIAL TO MINOR,26,OBSCENITY,67
2013,MANUFACTURE / DELIVER - HEROIN (TAN / BROWN TAR),18,NARCOTICS,66
500N,ABUSE / NEGLECT - CARE FACILITY,26,OTHER OFFENSE,66
2016,MANUFACTURE / DELIVER - PCP,18,NARCOTICS,66
0895,FROM COIN-OPERATED MACHINE OR DEVICE,06,THEFT,65
0264,AGGRAVATED - OTHER DANGEROUS WEAPON,02,CRIMINAL SEXUAL ASSAULT,64
1791,HARBOR RUNAWAY,20,OFFENSE INVOLVING CHILDREN,62
1850,CANNABIS PLANT,18,NARCOTICS,62
0552,AGGRAVATED POLICE OFFICER - KNIFE / CUTTING INSTRUMENT,04A,ASSAULT,62
2029,POSS: HEROIN(BLACK TAR),18,NARCOTICS,62
033B,ATTEMPT: ARMED-OTHER FIREARM,03,ROBBERY,62
500N,ABUSE/NEGLECT: CARE FACILITY,26,OTHER OFFENSE,61
5132,VIOLENT OFFENDER: FAIL TO REGISTER NEW ADDRESS,26,OTHER OFFENSE,59
4652,SEX OFFENDER: PROHIBITED ZONE,26,OTHER OFFENSE,57
0488,AGGRAVATED DOMESTIC BATTERY: HANDGUN,04B,BATTERY,56
1725,CONTRIBUTE CRIM DELINQUENCY JUVENILE,20,OFFENSE INVOLVING CHILDREN,55
1513,SOLICITING FOR BUSINESS,16,PROSTITUTION,54
2032,MANU/DELIVER: METHAMPHETAMINES,18,NARCOTICS,54
5132,VIOLENT OFFENDER - FAIL TO REGISTER NEW ADDRESS,26,OTHER OFFENSE,53
1720,CONTRIBUTE TO THE DELINQUENCY OF CHILD,20,OFFENSE INVOLVING CHILDREN,51
1680,OTHER,19,GAMBLING,51
0843,ATTEMPT FINANCIAL IDENTITY THEFT,06,THEFT,51
1507,SOLICIT OFF PUBLIC WAY,16,PROSTITUTION,50
1564,CRIMINAL TRANSMISSION OF HIV,17,SEX OFFENSE,50
1370,TO FIRE FIGHT.APP.EQUIP,14,CRIMINAL DAMAGE,48
0452,AGGRAVATED PO: KNIFE/CUT INSTR,04B,BATTERY,48
0482,AGG PRO.EMP:KNIFE/CUTTING INST,04B,BATTERY,47
1055,INVOLUNTARY SERVITUDE,26,HUMAN TRAFFICKING,47
1590,ATT AGG CRIMINAL SEXUAL ABUSE,17,SEX OFFENSE,43
0927,"ATTEMPT - CYCLE, SCOOTER, BIKE WITH VIN",07,MOTOR VEHICLE THEFT,43
1537,POS: PORNOGRAPHIC PRINT,26,OFFENSE INVOLVING CHILDREN,42
0487,AGGRAVATED OF AN UNBORN CHILD,04B,BATTERY,42
2160,SALE / DELIVER - DRUG PARAPHERNALIA,26,NARCOTICS,40
142A,UNLAWFUL SALE HANDGUN,15,WEAPONS VIOLATION,40
1670,GAME/AMUSEMENT DEVICE,19,GAMBLING,40
5003,OTHER ARSON/EXPLOSIVE INCIDENT,26,OTHER OFFENSE,40
0475,OF UNBORN CHILD,08B,BATTERY,39
1030,POSSESSION - EXPLOSIVE / INCENDIARY DEVICE,09,ARSON,39
2032,MANUFACTURE / DELIVER - METHAMPHETAMINE,18,NARCOTICS,39
0271,ATTEMPT AGGRAVATED - HANDGUN,02,CRIMINAL SEXUAL ASSAULT,39
0581,AGGRAVATED,08A,STALKING,37
1590,ATTEMPT AGGRAVATED CRIMINAL SEXUAL ABUSE,17,SEX OFFENSE,37
2029,POSSESS - HEROIN (BLACK TAR),18,NARCOTICS,36
0925,"ATT: TRUCK, BUS, MOTOR HOME",07,MOTOR VEHICLE THEFT,34
0482,AGGRAVATED PROTECTED EMPLOYEE - KNIFE / CUTTING INSTRUMENT,04B,BATTERY,33
4800,MONEY LAUNDERING,26,OTHER OFFENSE,33
0937,"THEFT/RECOVERY: CYCLE, SCOOTER, BIKE W-VIN",07,MOTOR VEHICLE THEFT,33
5009,VIOLATION OF SMOKING BAN,26,OTHER OFFENSE,33
1573,CRIMINAL SEXUAL ABUSE - SEXUAL PENETRATION,17,SEX OFFENSE,32
2011,MANUFACTURE / DELIVER - BARBITURATES,18,NARCOTICS,30
5003,OTHER ARSON / EXPLOSIVE INCIDENT,26,OTHER OFFENSE,30
142A,UNLAWFUL SALE - HANDGUN,15,WEAPONS VIOLATION,30
1537,POSSESSION OF PORNOGRAPHIC PRINT,26,OFFENSE INVOLVING CHILDREN,29
1518,POST GRAPHIC INFO PORGNOGRAPHIC INTERNET OR POSS GRAPHIC INF,17,OBSCENITY,28
0475,OF AN UNBORN CHILD,08B,BATTERY,28
0450,AGGRAVATED POLICE OFFICER - HANDGUN,04B,BATTERY,28
2033,MANU/POSS. W/INTENT TO DELIVER: SYNTHETIC MARIJUANA,18,NARCOTICS,28
0551,AGGRAVATED POLICE OFFICER - OTHER FIREARM,04A,ASSAULT,28
1566,INDECENT SOLICITATION/ADULT,17,SEX OFFENSE,28
0556,AGGRAVATED PROTECTED EMPLOYEE - OTHER FIREARM,04A,ASSAULT,27
1101,PUBLIC AID WIRE/MAIL FRAUD - VIA MAIL/PACKAGE/DELIVERY SYS,11,DECEPTIVE PRACTICE,27
0271,ATTEMPT AGG: HANDGUN,02,CRIM SEXUAL ASSAULT,26
4240,FORCIBLE DETENTION,26,KIDNAPPING,26
1481,CONCEALED CARRY LICENSE REVOCATION,15,NON-CRIMINAL,26
0927,"ATTEMPT: CYCLE, SCOOTER, BIKE W-VIN",07,MOTOR VEHICLE THEFT,25
501H,HAZARDOUS MATERIALS VIOLATION,26,OTHER OFFENSE,25
2010,MANU/DELIVER:AMPHETAMINES,18,NARCOTICS,25
2160,SALE/DEL DRUG PARAPHERNALIA,26,NARCOTICS,24
0452,AGGRAVATED POLICE OFFICER - KNIFE / CUTTING INSTRUMENT,04B,BATTERY,24
5013,VIOLATION OF SUMMARY CLOSURE,26,OTHER OFFENSE,23
1725,CONTRIBUTE TO THE CRIMINAL DELINQUENCY OF CHILD,20,OFFENSE INVOLVING CHILDREN,22
3910,BRIBERY,26,INTERFERENCE WITH PUBLIC OFFICER,22
5121,ARSONIST - ANNUAL REGISTRATION,26,OTHER OFFENSE,22
1566,INDECENT SOLICITATION OF AN ADULT,17,SEX OFFENSE,22
0556,AGG PRO.EMP: OTHER FIREARM,04A,ASSAULT,22
1512,SOLICITING FOR A PROSTITUTE,16,PROSTITUTION,20
0273,ATTEMPT AGGRAVATED - KNIFE / CUTTING INSTRUMENT,02,CRIMINAL SEXUAL ASSAULT,20
1599,AGG CRIM SEX ABUSE - VIC 13-16 YOA - OFF 5 YR OLDER PENETRAT,17,SEX OFFENSE,19
0273,ATTEMPT AGG: KNIFE/CUT INSTR,02,CRIM SEXUAL ASSAULT,19
0487,AGGRAVATED OF A UNBORN CHILD,04B,BATTERY,19
1255,UNIDENTIFIABLE RECORDING SOUND,11,DECEPTIVE PRACTICE,19
1651,GAME/CARDS,19,GAMBLING,19
2094,ATTEMPT POSSESSION CANNABIS,18,NARCOTICS,19
1525,PATRONIZING A PROSTITUTE,16,PROSTITUTION,18
2040,POSS: LOOK-ALIKE DRUGS,18,NARCOTICS,18
1580,SEXUAL RELATIONS IN FAMILY,17,SEX OFFENSE,18
1580,SEX RELATION IN FAMILY,17,SEX OFFENSE,17
2010,MANUFACTURE / DELIVER - AMPHETAMINES,18,NARCOTICS,17
1030,POS: EXPLOSIVE/INCENDIARY DEV,09,ARSON,17
5121,ARSONIST: ANNUAL REGISTRATION,26,OTHER OFFENSE,17
3920,OFFICIAL MISCONDUCT,26,INTERFERENCE WITH PUBLIC OFFICER,16
1450,DEFACE IDENT MARKS OF FIREARM,15,WEAPONS VIOLATION,16
1726,MINOR DISSEMINATE INDECENT DEPICT ANOTHER MINOR ELEC DEVICE,20,OFFENSE INVOLVING CHILDREN,15
2033,MANUFACTURE / DELIVER - SYNTHETIC MARIJUANA,18,NARCOTICS,15
2080,CONT SUBS:FAIL TO MAINT RECORD,18,NARCOTICS,15
1102,PBLC AID WIRE AND MAIL FRAUD- UNLAW OBT PBLC AID,11,DECEPTIVE PRACTICE,15
0262,AGGRAVATED - OTHER FIREARM,02,CRIMINAL SEXUAL ASSAULT,15
0450,AGGRAVATED PO: HANDGUN,04B,BATTERY,14
0551,AGGRAVATED PO: OTHER FIREARM,04A,ASSAULT,14
1840,DELIVER CANNABIS TO PERSON UNDER 18,18,NARCOTICS,14
1265,LIBRARY VANDALISM,14,CRIMINAL DAMAGE,14
1840,DELIVER CANNABIS TO PERSON <18,18,NARCOTICS,14
4652,SEX OFFENDER - PROHIBITED ZONE,26,OTHER OFFENSE,13
1504,SOLICITATION OF A SEXUAL ACT,17,SEX OFFENSE,13
1263,PLACE VIDEO RECORD/TRANSMIT DEVICE - RESTROOM/TAN SALON/CHNG,17,DECEPTIVE PRACTICE,13
0842,AGG: FINANCIAL ID THEFT,06,THEFT,13
3200,ARMED VIOLENCE,26,PUBLIC PEACE VIOLATION,12
1577,CRIM SEX ABUSE-PENETRATE - OFF < 5 YRS OLDER - VIC 13-16 YOA,17,SEX OFFENSE,11
1450,DEFACE IDENTIFICATION MARKS OF FIREARM,15,WEAPONS VIOLATION,11
1262,UNAUTH VIDEO RECORD/TRANSMIT LIVE VIDEO UNDER/THRU CLOTHES,17,DECEPTIVE PRACTICE,11
1435,UNLAWFUL SALE - DELIVERY OF FIREARM AT SCHOOL,15,WEAPONS VIOLATION,11
1197,"FALSE INFO - CERTIFICATION, LICENSING CRIMINAL BACKGROUND EM",11,DECEPTIVE PRACTICE,11
2030,MANU/DELIVER:LOOK-ALIKE DRUG,18,NARCOTICS,11
3961,INTIMIDATION OF LAW ENFORCEMENT OFFICIAL,08A,INTIMIDATION,11
1519,DISTRIBUTION PHOTOGRAPH DEPICTING SEX ORGANS OF CHILD,17,OFFENSE INVOLVING CHILDREN,10
2895,INTERFERE W/ EMERGENCY EQUIP,24,PUBLIC PEACE VIOLATION,10
3000,SELL / ADVERTISE FIREWORKS,26,PUBLIC PEACE VIOLATION,10
1576,BIGAMY,26,SEX OFFENSE,9
2895,INTERFERE WITH EMERGENCY EQUIPMENT,24,PUBLIC PEACE VIOLATION,9
2040,POSSESS - LOOK-ALIKE DRUGS,18,NARCOTICS,9
2070,DEL CONT SUBS TO PERSON <18,18,NARCOTICS,9
1715,SALE TOBACCO PRODUCTS TO MINOR,20,OFFENSE INVOLVING CHILDREN,9
142B,UNLAWFUL SALE - OTHER FIREARM,15,WEAPONS VIOLATION,9
1260,LIBRARY THEFT,11,DECEPTIVE PRACTICE,9
0938,"THEFT / RECOVERY - CYCLE, SCOOTER, BIKE NO VIN",07,MOTOR VEHICLE THEFT,9
1515,PANDERING,16,PROSTITUTION,8
3966,EDUCATIONAL INTIMIDAITON,08A,INTIMIDATION,8
4740,UNLAWFUL USE OF BODY ARMOR,26,OTHER OFFENSE,8
1530,PIMPING,16,PROSTITUTION,8
2019,MANUFACTURE / DELIVER - HEROIN (BLACK TAR),18,NARCOTICS,7
1682,ANIMAL FIGHTING,19,OTHER OFFENSE,7
142B,UNLAWFUL SALE OTHER FIREARM,15,WEAPONS VIOLATION,7
1435,UNLAWFUL SALE/DELIVERY OF FIREARM AT SCHOOL,15,WEAPONS VIOLATION,7
3610,INTERFERE W/ HIGHER EDUCATION,24,OTHER OFFENSE,7
3000,SELL/ADVERTISE FIREWORKS,26,PUBLIC PEACE VIOLATION,6
1199,"PUBLIC AIR WIRE AND MAIL FRAUD - VIA WIRE, RADIO, TELEVISION",11,DECEPTIVE PRACTICE,6
0320,STRONGARM: NO WEAPON,03,ROBBERY,6
1574,FORNICATION,17,SEX OFFENSE,5
0262,AGGRAVATED: OTHER FIREARM,02,CRIM SEXUAL ASSAULT,5
2034,POSSESSION - SYNTHETIC MARIJUANA,18,NARCOTICS,5
0274,ATTEMPT AGGRAVATED - OTHER DANGEROUS WEAPON,02,CRIMINAL SEXUAL ASSAULT,5
2019,MANU/DELIVER:HEROIN(BLACK TAR),18,NARCOTICS,5
4810,COMPOUNDING A CRIME,26,OTHER OFFENSE,5
0928,"ATTEMPT - CYCLE, SCOOTER, BIKE NO VIN",07,MOTOR VEHICLE THEFT,5
2240,MINOR MISREPRESENT AGE,22,LIQUOR LAW VIOLATION,5
5122,ARSONIST - FAIL TO REGISTER NEW ADDRESS,26,OTHER OFFENSE,5
0274,ATTEMPT AGG: OTHER DANG WEAPON,02,CRIM SEXUAL ASSAULT,5
1147,INTERNET OFFENSES - ELECTRONIC FENCING,13,OTHER OFFENSE,5
0430,AGGRAVATED: OTHER DANGEROUS WEAPON,04B,BATTERY,4
3751,AIDING ARRESTEE ESCAPE,24,INTERFERENCE WITH PUBLIC OFFICER,4
1531,JUVENILE PIMPING,16,PROSTITUTION,4
1715,SALE OF TOBACCO PRODUCTS TO MINOR,20,OFFENSE INVOLVING CHILDREN,4
3975,COMPELLING ORG MEMBERSHIP,26,INTIMIDATION,4
1520,KEEP PLACE OF PROSTITUTION,16,PROSTITUTION,4
1230,POSSESS KEYS OR DEVICE TO COIN MACHINE,11,DECEPTIVE PRACTICE,4
1526,PATRONIZE JUVENILE PROSTITUTE,16,PROSTITUTION,4
0141,INVOLUNTARY MANSLAUGHTER,01B,HOMICIDE,4
1670,GAME / AMUSEMENT DEVICE,19,GAMBLING,3
2110,POSSESS - HYPODERMIC NEEDLE,18,NARCOTICS,3
3740,CONCEALING/AIDING A FUGITIVE,24,INTERFERENCE WITH PUBLIC OFFICER,3
5120,ARSONIST: DUTY TO REGISTER,26,OTHER OFFENSE,3
0938,"THEFT/RECOVERY: CYCLE, SCOOTER, BIKE NO VIN",07,MOTOR VEHICLE THEFT,3
0480,AGGRAVATED PROTECTED EMPLOYEE - HANDGUN,04B,BATTERY,3
1476,USE OF METAL PIERCING BULLETS,15,WEAPONS VIOLATION,3
0497,AGGRAVATED DOMESTIC BATTERY: OTHER DANGEROUS WEAPON,04B,BATTERY,3
3720,REFUSING TO AID AN OFFICER,24,INTERFERENCE WITH PUBLIC OFFICER,3
5122,ARSONIST: FAIL TO REGISTER NEW ADDRESS,26,OTHER OFFENSE,3
0489,AGGRAVATED DOMESTIC BATTERY - OTHER FIREARM,04B,BATTERY,3
3980,COMPELLING CONFESSION,26,INTIMIDATION,3
1160,ALTER COINS,11,DECEPTIVE PRACTICE,3
1511,IN TAVERN,16,PROSTITUTION,2
2030,MANUFACTURE / DELIVER - LOOK-ALIKE DRUG,18,NARCOTICS,2
1520,KEEPING PLACE OF PROSTITUTION,16,PROSTITUTION,2
0272,ATTEMPT AGGRAVATED - OTHER FIREARM,02,CRIMINAL SEXUAL ASSAULT,2
2251,EMPLOY MINOR,22,LIQUOR LAW VIOLATION,2
0451,AGGRAVATED POLICE OFFICER - OTHER FIREARM,04B,BATTERY,2
0496,AGGRAVATED DOMESTIC BATTERY: KNIFE / CUTTING INSTSTRUMENT,04B,BATTERY,2
0440,AGGRAVATED: HANDS / FIST / FEET NO / MINOR INJURY,08B,BATTERY,1
2070,DELIVER CONTROLLED SUBSTANCES TO PERSON UNDER 18,18,NARCOTICS,1
2060,FAIL REGISTER LIC:CONT SUBS,18,NARCOTICS,1
4750,DISCLOSE DOMESTIC VIOLENCE VICTIM LOCATION,26,OTHER OFFENSE,1
2111,SALE/DEL HYPODERMIC NEEDLE,26,NARCOTICS,1
0481,AGG PRO.EMP: OTHER FIREARM,04B,BATTERY,1
1542,SALE OF OBSCENE MATERIALS,26,OBSCENITY,1
0453,AGGRAVATED PO: OTHER DANGEROUS WEAPON,04B,BATTERY,1
0480,AGG PRO.EMP: HANDGUN,04B,BATTERY,1
0340,ATTEMPT STRONG ARM: NO WEAPON,03,ROBBERY,1
1230,POSS. KEYS OR DEV.TO COIN MACH,11,DECEPTIVE PRACTICE,1
033A,ATTEMPT ARMED: HANDGUN,03,ROBBERY,1
1510,CAB OPERATION,16,PROSTITUTION,1
0830,THEFT RETAIL,06,THEFT,1
1035,POSSESSION - CHEMICAL / DRY-ICE DEVICE,09,ARSON,1
0263,AGGRAVATED: KNIFE / CUTTING INSTRUMENT,02,CRIMINAL SEXUAL ASSAULT,1
1035,POS: CHEMICAL/DRY-ICE DEVICE,09,ARSON,1
0420,AGGRAVATED: KNIFE / CUTTING INSTRUMENT,04B,BATTERY,1
1145,INTERNET OFFENSES - INTENT OF ONLINE SALE OF STOLEN PROPERTY,13,OTHER OFFENSE,1
0130,SECOND DEGREE MURDER,01A,HOMICIDE,1
1860,CALCULATED CANNABIS CONSPIRACY,18,NARCOTICS,1
0489,AGGRAVATED DOMESTIC BATTERY: OTHER FIREARM,04B,BATTERY,1
0272,ATTEMPT AGG: OTHER FIREARM,02,CRIM SEXUAL ASSAULT,1
3770,CONTRABAND IN PRISON,26,INTERFERENCE WITH PUBLIC OFFICER,1
3610,INTERFERE WITH HIGHER EDUCATION,24,OTHER OFFENSE,1
0928,"ATTEMPT: CYCLE, SCOOTER, BIKE NO VIN",07,MOTOR VEHICLE THEFT,1
0479,AGGRAVATED: HANDS / FIST / FEET SERIOUS INJURY,04B,BATTERY,1
0484,PROTECTED EMPLOYEE: HANDS NO / MIN INJURY,08B,BATTERY,1
2080,FAILURE TO MAINTAIN RECORDS - CONTROLLED SUBSTANCES,18,NARCOTICS,1
0510,"AGG. RITUAL MUTILATION - HANDS, FISTS, FEET, SERIOUS INJURY",04B,RITUALISM,1
