nature_of_call,row_count
THEFT,129632
ASSAULT,53112
BURGLARY VEHICLE,38587
CRIMINAL MISCHIEF,37876
PENAL CODE,36601
AUTO THEFT,28220
AG ASSAULT,21269
NARCOTIC VIOLATIONS,20805
HARASS,19940
BURG VEHIC,17776
ASSAULT C,17196
FRAUD,16122
CRIM MISCH,15039
BURGLARY RESIDENTIAL,14594
BURGLARY COMMERCIAL,13187
NARC VIOL,11954
CRIMINAL TRESPASS,11352
DWI,10774
PUBLIC INTOXICATION,9327
BURG RES,8811
PENALCODE,8787
AUTOTHEFT,6750
PUBLICINTO,5188
ASSAULT BY THREAT,5122
TRAFFIC CODE,5099
WEAPONS,4908
MISSING VEHICLE,3627
BURG COMM,3561
CITY ORDINANCES,3143
THEFT RECYCLE,3124
CITY ORDIN,3065
ROBBERY PERSON,2956
CRIM TRESP,2411
DUMPING,2368
DEADLY CONDUCT-SHOOTING ,2000
VIOLATION PROTECTIVE ORDE,1810
ROBBERY BUSINESS,1631
BURGLARY VEHICLE COMMERCI,1587
PROSTITUTION ,1472
ROB PERS,1454
SEX REGISTRATION,1389
ARSON,1252
GRAFFITI,1184
RUNAWAY,917
FAMILY,910
INDECENT EXPOSURE,821
THEFT TRAILER NONCOMMERCI,761
ROB BUSIN,756
ANIMAL,733
BURGVEHCOM,709
GAMBLING,667
THEFT FROM VEHICLE,666
COMMERCIAL AUTO THEFT,628
ROBBERY CAR JACKING,614
TRAF CODE,595
ASSAULT ELDERLY,583
MURDER,583
VIOLPROTEC,501
THEFTRECYC,471
PROSTITUT,455
ASSAULT CHILD,407
SEXUAL ASSAULT,381
IDENTITY THEFT,367
PORNOGRAPHY,360
SEX REGIST,325
BURGLARY COIN,283
NONPENALCO,277
00,274
HARASSING PHONE CALL,272
VANDALISM/GRAFFITI,261
THFTNONCOM,231
KIDNAPPING,226
BURG COIN,225
TABCOFFENS,225
ROBBERY INVASION,219
ASLTELDERL,217
INDECEXPOS,194
THEFT TRAILER,193
WARRANT,193
ROB CAR JK,177
POSSESSION STOLEN PROPERT,158
TABC OFFENSES,148
ASLTCHILD,140
COMMAUTOTH,138
CARGO THEFT,133
TOBACCO OFFENSE,130
IDENTIFY (NON REPORTABLE),115
THEFT PUBLIC UTILITIES,111
HITANDRUN,108
ROBBERY,93
ROBB INVAS,87
DOMESTIC DISTURBANCE,86
HUMAN TRAFFICKING,82
KIDNAP,79
DISTURBANCE,71
INTOXICATION ASSAULT,69
THEFTTRAIL,67
FALSE ALARM,67
SEXASSAULT,65
MISS VEH,63
PORNOGRAP,61
ANIMAL CRUELTY,58
CHILD EXPLOITATION,51
THEFTPUBUT,44
SEXUAL ASSAULT CHILD,43
ROBBERY FINANCIAL INSTITU,38
INFO ONLY,32
HIT AND RUN,28
NON REPORTABLE OFFENSE RE,28
CARGOTHEFT,27
TOBACCOOFF,26
POSSSTOLPR,24
CRIMTRESWA,23
RECVEHOTH,22
DISORDERLY CONDUCT,19
JUSTIFIABLE HOMICIDE,19
INTOX ASLT,18
SHOPLIFTING (NO SUSPECT I,18
STOLEN VEHICLE,18
ROB BANK,17
ACCIDENT,16
UUMV,16
NARC INFO,14
TERRORISTIC THREAT,12
TRUANCY WARRANT,11
PD PULL,10
SEXASSAULC,10
ID INFO,10
BURGLARY,10
PANHANDLING,9
INVESTIGATION,9
DOMESTIC VIOLENCE,7
BURGLARY OF A VEHICLE,7
BURGLARY OF VEHICLE,6
MISS PERS,6
LOST PROP,6
OTHER,6
SHOOTING,6
LOST PROPERTY,6
AGGRAVATED ROBBERY,6
LOST CELL PHONES,5
BMV,5
RETALIATION,5
RECKLESS DAMAGE,5
ASSAULT BY CONTACT,5
HARASSMENT,5
INJ PERSON,4
ASSAULT ON A PUBLIC SERVA,4
PERSON WITH A WEAPON,4
FOUPROP,4
GAMBL INFO,4
FORGERY,4
FAMILY VIOLENCE,4
THEFT OF SERVICE,4
PROWLER,4
HSC 481.115(C) POSS CS PG,4
CREDIT CARD ABUSE,4
9/26/22,3
DEADLY CONDUCT,3
CRIMINAL TRESPASS WARNING,3
INDECENT ASSAULT,3
231155654,3
UUM,3
ATTEMPT CRIMINAL TRESPASS,3
SCHOOL (NON REPORTABLE),3
RECYCLE (NON REPORTABLE),3
PRISONER PICKUP,3
FATALACCID,3
HARRASSMENT,3
DUI,3
NO REPORT,3
FLOCK ACTIVATION,3
UNLAWFUL RESTRAINT,3
THET,3
BUGLARY,3
BURGLARY R,3
HIT & RUN,3
EVADING,2
SHOTS FIRED IN THE AREA,2
BURGLARY OF BUILDING,2
SOUTH,2
PERSON WITH WEAPON,2
LOUD MUSIC,2
SHOTS FIRED,2
INVESTIGAT,2
ASSUALT,2
THAFT,2
5,2
INTERFERENCE WITH CHILD C,2
3537 RYAN AVE,2
22.07,2
HUMAN TRAF,2
UNLAWFUL DISCLOSURE OR PR,2
DOMESTICE DISTURBANCE,2
MAJOR ACCIDENT,2
190782044,2
SUSPICIOUS PERSON,2
101673,2
200023422,2
220051180,2
STOLEN VEHICLE\,2
NARCOTICS VIOLATION,2
JUSTIFIHOM,2
CRIMINAL MISCHIEF VEHICLE,2
260000766,1
THEFT OF VEHICLE,1
LITTERING,1
210020499,1
CUTTING / STABBING,1
PC 31.03 - BUILDING THEFT,1
ONLINE HARASSMENT,1
INJURY TO CHILD/ENDRANGER,1
5201 QUAIL FEATHER DR,1
THEFT OF FIREARM,1
HIT AND  RUN,1
THFET,1
HARSSMENT,1
250869019,1
ASSAULT FAMILY,1
EVADING ARREST OR DETENTI,1
THEFT OF RECYCLING,1
210054022,1
TEHFT,1
200065221,1
32.21,1
PANDHANDLING,1
240,1
OT WARRANT,1
THEFT OF PROP,1
LARCENY,1
TRES,1
BOMB THREAT,1
INTELHOMEL,1
4322,1
210068175,1
PRISONER PICK-UP,1
DISOREDERLY CONDUCT,1
HARRASMENT,1
190059271,1
GC 085-07,1
011720230954,1
THEFT OF PROPERY,1
2000,1
230968425,1
DISORDERLY CONDUCT LANGUA,1
CRIMINAL MISCHEIF,1
200069473,1
LEAVING THE SCENE OF AN A,1
.,1
210083116,1
240011538,1
250211694,1
EAS,1
3616,1
PC 31.03,1
90061870,1
DISORDELY CONDUCT,1
DISCHARGE/DISPLAY FIREARM,1
T23013636,1
43,1
MARIN,1
1945,1
210102480,1
UNAUTHORIZED,1
"ON SATURDAY, DECEMBER 19,",1
FAM ASS,1
230093362,1
190102235,1
LOCAL WARRANT,1
ASSAULT BODILY INJURY,1
A,1
BURG,1
HARASSSMENT,1
BURGLAY OF A VEHICLE,1
200097741,1
241042618,1
210086129,1
200739316,1
CRIMINA MISCHIEF VEHICLE,1
UNCONSCIOUS PERSON,1
DOMESTIC D,1
PCU INFO,1
UNLAWFUL ELECTRONIC TRANS,1
FALSE ALARM OR REPORT,1
FALSE REPORT,1
ASSULT BY CONTACT,1
SHOP,1
HIT AND RUN ACCIDENT,1
190067375,1
BURGLARY OF HABITATION,1
240021170,1
230076687,1
ASSAULT BODILY INJURY FAM,1
PANHANDLING  PROHIBITED P,1
INVASIVE RECORDING,1
54176,1
210034495,1
EVADING DETENTION VEHICLE,1
210071729,1
250574948,1
200048442,1
200093144,1
PC 29.03 AGG ROBBERY,1
EMBEZZLEMENT,1
WARRANT ARREST,1
250060542,1
MENTAL APP,1
SOU,1
31.03,1
DOMESTIC,1
DOGBITE,1
TRAFFIC VI,1
CIMINAL MISCHIEF,1
38.14,1
220020056,1
FIREWORKS,1
ACCESSIOR,1
213,1
DDDDDDDDDDD,1
MOTOR VEHICLE ACCIDENT,1
CRIMINAL MISSCHIEF,1
HARASSAMENT,1
GC 106.02,1
T23014741,1
CRIMINIAL MISCHIEF,1
NORTH,1
MANSLAUGHTER,1
WRONG WAY DRIVER,1
LOST IDENTIFYING INFORMAT,1
220047360,1
200086359,1
12203,1
TELEPHONE HARASSMENT,1
320000000000,1
UNAUTHORIZED USE OF A VEH,1
T24012188,1
250654434,1
2201010502,1
THRE,1
200068870,1
ASSAULT FAMILY VIOLENCE,1
ASSAULT PUBLIC SERVANT,1
SUPPLEMENT,1
T23015054,1
T24002005,1
PC 28.02(D)(2) ARSON HABI,1
ORD,1
ATTEMPTED AUTO THEFT,1
DOMESTIC VIOLENCE / STRAN,1
N,1
EVADING ARREST,1
200098251,1
NATURAL RESOURCE CODE 85.,1
BURGLARY OF A MOTOR VEHIC,1
JUV CURFEW,1
STALKING,1
BOAT ACCIDENT,1
DOMESTIC ASSAULT,1
DRUG PARAPHERNALIA,1
4416,1
230081745,1
18930,1
FIRE CALL,1
ILLEGAL DUMPING,1
01/04,1
WARRANTS,1
210088798,1
DISORDERRLY CONDUCT,1
BURGLARY OF A HABITATION,1
250121999,1
RECYC INFO,1
