crime_id,source_city,occurrence_timestamp,latitude,longitude,source_offense_code,source_offense_category,source_offense_description,lat_below_by,lat_above_by,lon_below_by,lon_above_by,max_bound_excess_degrees
marin_county_sheriff_ca:SO170001485,marin_county_sheriff_ca,2017-05-13T23:50:00.000000,45.101666,-75.233739,,ALL OTHER - NON-CRIMINAL,ACHP,0.0,6.671666000000002,0.0,47.006260999999995,47.006260999999995
marin_county_sheriff_ca:SO140000798,marin_county_sheriff_ca,2014-02-10T19:41:00.000000,41.125445,-76.304398,,DISORDERLY CONDUCT,INCORRIG,0.0,2.6954449999999994,0.0,45.93560199999999,45.93560199999999
marin_county_sheriff_ca:SO150001722,marin_county_sheriff_ca,2015-04-03T09:47:00.000000,41.125445,-76.304398,,TRAFFIC INCIDENT,VTOW,0.0,2.6954449999999994,0.0,45.93560199999999,45.93560199999999
marin_county_sheriff_ca:SO180000666,marin_county_sheriff_ca,2018-02-27T08:55:00.000000,43.076817,-79.955873,,TRAFFIC INCIDENT,VTOW,0.0,4.646816999999999,0.0,42.284127,42.284127
marin_county_sheriff_ca:SO180000668,marin_county_sheriff_ca,2018-02-27T09:10:00.000000,43.076817,-79.955873,,TRAFFIC INCIDENT,VTOW,0.0,4.646816999999999,0.0,42.284127,42.284127
marin_county_sheriff_ca:SO180000672,marin_county_sheriff_ca,2018-02-27T11:56:00.000000,43.076817,-79.955873,,TRAFFIC INCIDENT,VTOW,0.0,4.646816999999999,0.0,42.284127,42.284127
marin_county_sheriff_ca:SO180001169,marin_county_sheriff_ca,2018-04-16T16:09:00.000000,44.675554,-93.632552,,THEFT,THEFT,0.0,6.2455539999999985,0.0,28.60744799999999,28.60744799999999
marin_county_sheriff_ca:SO170001738,marin_county_sheriff_ca,2017-06-06T09:12:00.000000,33.727858,-111.752179,,THEFT,THEFT,3.972142000000005,0.0,0.0,10.487820999999997,10.487820999999997
marin_county_sheriff_ca:SO150003794,marin_county_sheriff_ca,2015-07-10T12:34:00.000000,32.446626,-116.970951,,ALL OTHER - NON-CRIMINAL,LOST,5.253374000000001,0.0,0.0,5.269048999999995,5.269048999999995
marin_county_sheriff_ca:SO170150091,marin_county_sheriff_ca,2017-12-01T15:48:00.000000,32.685867,-117.180422,,FRAUD,IDENT THEF,5.014133000000001,0.0,0.0,5.059578000000002,5.059578000000002
marin_county_sheriff_ca:SO170000748,marin_county_sheriff_ca,2017-03-04T10:46:00.000000,34.112062,-117.318569,,ALL OTHER - NON-CRIMINAL,ALAW,3.587938000000001,0.0,0.0,4.921430999999998,4.921430999999998
marin_county_sheriff_ca:SO170002993,marin_county_sheriff_ca,2017-09-23T22:58:00.000000,33.978342,-117.325671,,ALL OTHER - CRIMINAL,DOM VIOL,3.721658000000005,0.0,0.0,4.914328999999995,4.914328999999995
marin_county_sheriff_ca:SO150003202,marin_county_sheriff_ca,2015-06-12T15:07:00.000000,33.530981,-117.773675,,ALL OTHER - NON-CRIMINAL,ALAW,4.169019000000006,0.0,0.0,4.466324999999998,4.466324999999998
marin_county_sheriff_ca:SO160001091,marin_county_sheriff_ca,2016-02-19T17:19:00.000000,34.038751,-117.775666,,THEFT,THEFT,3.661249000000005,0.0,0.0,4.464333999999994,4.464333999999994
marin_county_sheriff_ca:SO180002850,marin_county_sheriff_ca,2018-09-14T18:54:00.000000,42.427172,-123.332857,,ALL OTHER - NON-CRIMINAL,MENTAL,0.0,3.997171999999999,0.1928570000000036,0.0,3.997171999999999
marin_county_sheriff_ca:SO160004367,marin_county_sheriff_ca,2016-10-19T17:33:00.000000,34.161478,-118.260844,,ASSAULT - OTHER,CHILD ABUS,3.5385220000000004,0.0,0.0,3.979155999999989,3.979155999999989
marin_county_sheriff_ca:SO170001686,marin_county_sheriff_ca,2017-05-31T14:16:00.000000,33.985384,-118.453498,,THEFT,THEFT,3.7146159999999995,0.0,0.0,3.7865019999999987,3.7865019999999987
marin_county_sheriff_ca:SO170001555,marin_county_sheriff_ca,2017-05-19T19:42:00.000000,34.195866,-118.782389,,SEXUAL ASSAULT,RAPE,3.5041340000000005,0.0,0.0,3.457611,3.5041340000000005
marin_county_sheriff_ca:SO180000286,marin_county_sheriff_ca,2018-01-25T09:20:00.000000,35.461093,-120.645025,,ALL OTHER - NON-CRIMINAL,MCSO,2.2389070000000046,0.0,0.0,1.594974999999991,2.2389070000000046
marin_county_sheriff_ca:SO150005393,marin_county_sheriff_ca,2015-09-16T20:06:00.000000,40.602293,-122.356662,,ALL OTHER - NON-CRIMINAL,CIV,0.0,2.1722930000000034,0.0,0.0,2.1722930000000034
marin_county_sheriff_ca:SO160004902,marin_county_sheriff_ca,2016-12-06T21:09:00.000000,40.602293,-122.356662,,ALL OTHER - CRIMINAL,THREATS,0.0,2.1722930000000034,0.0,0.0,2.1722930000000034
marin_county_sheriff_ca:SO140005298,marin_county_sheriff_ca,2014-09-18T14:13:00.000000,40.320276,-123.898077,,DRUGS / NARCOTICS VIOLATION,DRUGS,0.0,1.890276,0.7580770000000001,0.0,1.890276
marin_county_sheriff_ca:SO220001140,marin_county_sheriff_ca,2022-04-22T17:53:00.000000,40.242146,-124.123391,,ASSAULT - OTHER,ASSAULT,0.0,1.8121459999999985,0.9833909999999975,0.0,1.8121459999999985
marin_county_sheriff_ca:SO150001991,marin_county_sheriff_ca,2015-04-02T18:43:00.000000,39.960759,-123.768948,,ALL OTHER - NON-CRIMINAL,AOTH,0.0,1.5307590000000033,0.6289479999999941,0.0,1.5307590000000033
marin_county_sheriff_ca:SO140002708,marin_county_sheriff_ca,2014-05-13T05:26:00.000000,38.716071,-121.098057,,ALL OTHER - NON-CRIMINAL,AOTH,0.0,0.28607099999999974,0.0,1.1419429999999977,1.1419429999999977
marin_county_sheriff_ca:SO160000748,marin_county_sheriff_ca,2016-02-04T13:08:00.000000,37.397021,-121.14104,,ALL OTHER - NON-CRIMINAL,MCSO,0.30297900000000055,0.0,0.0,1.098959999999991,1.098959999999991
marin_county_sheriff_ca:SO200001607,marin_county_sheriff_ca,2020-06-27T15:14:00.000000,39.494458,-123.781466,,ALL OTHER - CRIMINAL,TRO,0.0,1.064458000000002,0.6414659999999941,0.0,1.064458000000002
marin_county_sheriff_ca:SO190002553,marin_county_sheriff_ca,2019-08-28T16:22:00.000000,39.494444,-123.781361,,ALL OTHER - CRIMINAL,DOM VIOL,0.0,1.0644440000000017,0.6413610000000034,0.0,1.0644440000000017
marin_county_sheriff_ca:SO200001473,marin_county_sheriff_ca,2020-06-17T07:31:00.000000,39.494444,-123.781361,,ALL OTHER - CRIMINAL,DOM VIOL,0.0,1.0644440000000017,0.6413610000000034,0.0,1.0644440000000017
marin_county_sheriff_ca:SO200001567,marin_county_sheriff_ca,2020-06-23T10:58:00.000000,39.494444,-123.781361,,ALL OTHER - CRIMINAL,THREATS,0.0,1.0644440000000017,0.6413610000000034,0.0,1.0644440000000017
marin_county_sheriff_ca:SO150002686,marin_county_sheriff_ca,2015-05-19T14:44:00.000000,37.907244,-121.18396,,ALL OTHER - NON-CRIMINAL,SUS CIRC,0.0,0.0,0.0,1.0560399999999959,1.0560399999999959
marin_county_sheriff_ca:SO180002180,marin_county_sheriff_ca,2018-07-12T11:58:00.000000,36.754605,-121.76527,,ALL OTHER - CRIMINAL,MISC PC,0.9453950000000049,0.0,0.0,0.4747299999999939,0.9453950000000049
marin_county_sheriff_ca:SO160000898,marin_county_sheriff_ca,2016-02-09T08:00:00.000000,38.568002,-121.326538,,ASSAULT - OTHER,CHILD ABUS,0.0,0.13800200000000018,0.0,0.9134619999999956,0.9134619999999956
marin_county_sheriff_ca:SO150001878,marin_county_sheriff_ca,2015-04-11T08:11:00.000000,38.71765,-121.379948,,ALL OTHER - NON-CRIMINAL,ALAW,0.0,0.2876499999999993,0.0,0.860051999999996,0.860051999999996
marin_county_sheriff_ca:SO140002176,marin_county_sheriff_ca,2014-04-18T14:38:00.000000,38.464796,-121.418771,,THEFT,THEFT,0.0,0.03479600000000005,0.0,0.8212289999999882,0.8212289999999882
marin_county_sheriff_ca:SO140002329,marin_county_sheriff_ca,2014-04-25T08:40:00.000000,38.464796,-121.418771,,SEXUAL ASSAULT,RAPE,0.0,0.03479600000000005,0.0,0.8212289999999882,0.8212289999999882
marin_county_sheriff_ca:SO150004418,marin_county_sheriff_ca,2015-08-06T15:53:00.000000,38.464796,-121.418771,,THEFT,THEFT,0.0,0.03479600000000005,0.0,0.8212289999999882,0.8212289999999882
marin_county_sheriff_ca:SO150006575,marin_county_sheriff_ca,2015-11-14T10:30:00.000000,38.464796,-121.418771,,TRAFFIC INCIDENT,VTOW,0.0,0.03479600000000005,0.0,0.8212289999999882,0.8212289999999882
marin_county_sheriff_ca:SO160003627,marin_county_sheriff_ca,2016-08-15T12:38:00.000000,38.464796,-121.418771,,ALL OTHER - NON-CRIMINAL,LOST,0.0,0.03479600000000005,0.0,0.8212289999999882,0.8212289999999882
marin_county_sheriff_ca:SO180150066,marin_county_sheriff_ca,2018-05-20T10:18:00.000000,38.441587,-121.444658,,FRAUD,IDENT THEF,0.0,0.011586999999998682,0.0,0.7953419999999909,0.7953419999999909
marin_county_sheriff_ca:SO200000834,marin_county_sheriff_ca,2020-03-20T16:35:00.000000,39.219941,-123.769268,,ALL OTHER - NON-CRIMINAL,MENTAL,0.0,0.7899409999999989,0.6292679999999962,0.0,0.7899409999999989
marin_county_sheriff_ca:SO200000844,marin_county_sheriff_ca,2020-03-22T17:32:00.000000,39.160839,-123.732882,,ALL OTHER - NON-CRIMINAL,SUS CIRC,0.0,0.7308390000000031,0.592882000000003,0.0,0.7308390000000031
marin_county_sheriff_ca:SO200002023,marin_county_sheriff_ca,2020-08-13T15:09:00.000000,39.160839,-123.732882,,TRAFFIC INCIDENT,VEH CODE,0.0,0.7308390000000031,0.592882000000003,0.0,0.7308390000000031
marin_county_sheriff_ca:SO220000793,marin_county_sheriff_ca,2022-03-23T14:41:00.000000,39.160834,-123.732916,,ALL OTHER - CRIMINAL,THREATS,0.0,0.7308340000000015,0.5929160000000024,0.0,0.7308340000000015
marin_county_sheriff_ca:SO190001343,marin_county_sheriff_ca,2019-05-09T11:00:00.000000,39.118561,-123.715085,,TRAFFIC INCIDENT,VTOW,0.0,0.688561,0.5750850000000014,0.0,0.688561
marin_county_sheriff_ca:SO200000557,marin_county_sheriff_ca,2020-02-20T10:46:00.000000,39.109472,-123.71153,,ALL OTHER - NON-CRIMINAL,MENTAL,0.0,0.679471999999997,0.5715299999999957,0.0,0.679471999999997
marin_county_sheriff_ca:SO250001218,marin_county_sheriff_ca,2025-05-01T13:00:00.000000,39.091571,-122.792828,,ALL OTHER - CRIMINAL,WARR ARR,0.0,0.6615710000000021,0.0,0.0,0.6615710000000021
marin_county_sheriff_ca:SO180003180,marin_county_sheriff_ca,2018-10-16T09:37:00.000000,39.071763,-123.694027,,ALL OTHER - NON-CRIMINAL,SUS CIRC,0.0,0.6417629999999974,0.5540270000000049,0.0,0.6417629999999974
marin_county_sheriff_ca:SO200150205,marin_county_sheriff_ca,2020-12-22T17:47:00.000000,39.071763,-123.694027,,VANDALISM,VANDALISM,0.0,0.6417629999999974,0.5540270000000049,0.0,0.6417629999999974
marin_county_sheriff_ca:SO190150002,marin_county_sheriff_ca,2019-01-02T16:26:00.000000,39.065363,-123.694487,,VANDALISM,VANDALISM,0.0,0.6353629999999981,0.5544869999999946,0.0,0.6353629999999981
marin_county_sheriff_ca:SO180150123,marin_county_sheriff_ca,2018-08-05T10:15:00.000000,39.063441,-123.6923,,ALL OTHER - NON-CRIMINAL,LOST,0.0,0.6334409999999977,0.5523000000000025,0.0,0.6334409999999977
marin_county_sheriff_ca:SO190003423,marin_county_sheriff_ca,2019-11-17T09:25:00.000000,39.053415,-123.684843,,DRUGS / NARCOTICS VIOLATION,DRUNK,0.0,0.6234150000000014,0.5448430000000002,0.0,0.6234150000000014
marin_county_sheriff_ca:SO200000733,marin_county_sheriff_ca,2020-03-09T18:25:00.000000,39.041762,-123.149164,,ALL OTHER - CRIMINAL,WARR ARR,0.0,0.6117619999999988,0.009163999999998396,0.0,0.6117619999999988
marin_county_sheriff_ca:SO210002918,marin_county_sheriff_ca,2021-10-26T18:11:00.000000,39.04036,-122.926435,,ALL OTHER - NON-CRIMINAL,ALAW,0.0,0.61036,0.0,0.0,0.61036
marin_county_sheriff_ca:SO190000122,marin_county_sheriff_ca,2019-01-13T14:21:00.000000,39.021227,-123.686832,,ALL OTHER - NON-CRIMINAL,FOUND,0.0,0.5912270000000035,0.5468319999999949,0.0,0.5912270000000035
marin_county_sheriff_ca:SO210002408,marin_county_sheriff_ca,2021-08-30T18:54:00.000000,39.021227,-123.686832,,ALL OTHER - CRIMINAL,WARR ARR,0.0,0.5912270000000035,0.5468319999999949,0.0,0.5912270000000035
marin_county_sheriff_ca:SO220003344,marin_county_sheriff_ca,2022-12-09T18:55:00.000000,39.021227,-123.686832,,ALL OTHER - CRIMINAL,WARR ARR,0.0,0.5912270000000035,0.5468319999999949,0.0,0.5912270000000035
marin_county_sheriff_ca:SO240150046,marin_county_sheriff_ca,2024-03-18T15:58:00.000000,39.017901,-123.688696,,ALL OTHER - NON-CRIMINAL,LOST,0.0,0.5879010000000022,0.5486959999999925,0.0,0.5879010000000022
marin_county_sheriff_ca:SO250000545,marin_county_sheriff_ca,2025-02-25T12:46:00.000000,38.970073,-123.687095,,DRUGS / NARCOTICS VIOLATION,HS,0.0,0.5400729999999996,0.5470949999999988,0.0,0.5470949999999988
marin_county_sheriff_ca:SO180000536,marin_county_sheriff_ca,2018-02-15T14:11:00.000000,38.00322,-121.73785,,ALL OTHER - CRIMINAL,MISC PC,0.0,0.0,0.0,0.5021500000000003,0.5021500000000003
marin_county_sheriff_ca:SO150001428,marin_county_sheriff_ca,2015-03-18T18:30:00.000000,37.262983,-121.949492,,MOTOR VEHICLE THEFT,VEH RECV,0.43701700000000443,0.0,0.0,0.29050799999998844,0.43701700000000443
marin_county_sheriff_ca:SO180002310,marin_county_sheriff_ca,2018-07-25T11:08:00.000000,37.339505,-121.888347,,ALL OTHER - NON-CRIMINAL,FOUND,0.36049500000000023,0.0,0.0,0.3516529999999989,0.36049500000000023
marin_county_sheriff_ca:SO180002454,marin_county_sheriff_ca,2018-08-08T09:34:00.000000,37.339505,-121.888347,,ALL OTHER - NON-CRIMINAL,CIV,0.36049500000000023,0.0,0.0,0.3516529999999989,0.36049500000000023
marin_county_sheriff_ca:SO180002494,marin_county_sheriff_ca,2018-08-11T13:18:00.000000,37.339505,-121.888347,,ALL OTHER - NON-CRIMINAL,AMED,0.36049500000000023,0.0,0.0,0.3516529999999989,0.36049500000000023
marin_county_sheriff_ca:SO180000436,marin_county_sheriff_ca,2018-02-07T15:15:00.000000,38.035467,-121.883475,,ALL OTHER - NON-CRIMINAL,MCSO,0.0,0.0,0.0,0.35652499999999065,0.35652499999999065
marin_county_sheriff_ca:SO140004685,marin_county_sheriff_ca,2014-08-15T05:17:00.000000,38.765503,-123.000884,,ALL OTHER - NON-CRIMINAL,AOTH,0.0,0.33550300000000277,0.0,0.0,0.33550300000000277
marin_county_sheriff_ca:SO160000653,marin_county_sheriff_ca,2016-01-31T07:50:00.000000,38.33507,-121.954423,,ALL OTHER - NON-CRIMINAL,ALAW,0.0,0.0,0.0,0.2855769999999893,0.2855769999999893
marin_county_sheriff_ca:SO170002665,marin_county_sheriff_ca,2017-08-24T14:30:00.000000,38.362413,-121.977681,,ALL OTHER - CRIMINAL,WARR ARR,0.0,0.0,0.0,0.26231899999999087,0.26231899999999087
marin_county_sheriff_ca:SO150001114,marin_county_sheriff_ca,2015-03-01T05:06:00.000000,38.240266,-121.989653,,ALL OTHER - NON-CRIMINAL,AOTH,0.0,0.0,0.0,0.25034699999999077,0.25034699999999077
marin_county_sheriff_ca:SO160004047,marin_county_sheriff_ca,2016-09-21T08:00:00.000000,37.890796,-122.089772,,ALL OTHER - CRIMINAL,WARR ARR,0.0,0.0,0.0,0.15022799999999847,0.15022799999999847
marin_county_sheriff_ca:SO150001793,marin_county_sheriff_ca,2015-04-07T15:37:00.000000,38.553255,-122.831012,,ALL OTHER - NON-CRIMINAL,AOTH,0.0,0.12325500000000034,0.0,0.0,0.12325500000000034
marin_county_sheriff_ca:SO250000878,marin_county_sheriff_ca,2025-03-31T08:28:00.000000,38.552543,-122.798075,,ALL OTHER - NON-CRIMINAL,MCSO,0.0,0.12254300000000029,0.0,0.0,0.12254300000000029
marin_county_sheriff_ca:SO160004611,marin_county_sheriff_ca,2016-11-12T01:13:00.000000,37.585901,-122.472955,,ALL OTHER - NON-CRIMINAL,AOTH,0.11409900000000306,0.0,0.0,0.0,0.11409900000000306
marin_county_sheriff_ca:SO180001259,marin_county_sheriff_ca,2018-04-24T07:00:00.000000,37.617641,-122.413844,,ALL OTHER - CRIMINAL,RESIST ARR,0.08235900000000385,0.0,0.0,0.0,0.08235900000000385
marin_county_sheriff_ca:SO260001227,marin_county_sheriff_ca,2026-05-18T06:00:00.000000,38.511121,-122.800326,,ALL OTHER - NON-CRIMINAL,MCSO,0.0,0.08112100000000311,0.0,0.0,0.08112100000000311
marin_county_sheriff_ca:SO170150082,marin_county_sheriff_ca,2017-11-23T10:44:00.000000,37.621313,-122.378955,,ALL OTHER - NON-CRIMINAL,LOST,0.07868700000000217,0.0,0.0,0.0,0.07868700000000217
marin_county_sheriff_ca:SO160005087,marin_county_sheriff_ca,2016-12-23T13:30:00.000000,37.622219,-122.409,,DRUGS / NARCOTICS VIOLATION,HS,0.07778100000000165,0.0,0.0,0.0,0.07778100000000165
marin_county_sheriff_ca:SO160003970,marin_county_sheriff_ca,2016-09-14T08:04:00.000000,37.771783,-122.175206,,ALL OTHER - NON-CRIMINAL,ALAW,0.0,0.0,0.0,0.06479399999999202,0.06479399999999202
marin_county_sheriff_ca:SO170000183,marin_county_sheriff_ca,2017-01-18T06:50:00.000000,37.793861,-122.198623,,ALL OTHER - NON-CRIMINAL,MCSO,0.0,0.0,0.0,0.04137699999999711,0.04137699999999711
marin_county_sheriff_ca:SO180001947,marin_county_sheriff_ca,2018-06-21T11:17:00.000000,38.46765,-122.725826,,ALL OTHER - NON-CRIMINAL,AOTH,0.0,0.037649999999999295,0.0,0.0,0.037649999999999295
marin_county_sheriff_ca:SO200001147,marin_county_sheriff_ca,2020-05-08T11:00:00.000000,38.46765,-122.725826,,ALL OTHER - CRIMINAL,WARR ARR,0.0,0.037649999999999295,0.0,0.0,0.037649999999999295
marin_county_sheriff_ca:SO150000787,marin_county_sheriff_ca,2015-02-11T11:25:00.000000,38.462436,-122.750702,,ASSAULT - OTHER,CHILD ABUS,0.0,0.03243599999999702,0.0,0.0,0.03243599999999702
marin_county_sheriff_ca:SO180002751,marin_county_sheriff_ca,2018-09-06T11:26:00.000000,38.450808,-123.120635,,FRAUD,FRAUD,0.0,0.02080800000000238,0.0,0.0,0.02080800000000238
marin_county_sheriff_ca:SO190003128,marin_county_sheriff_ca,2019-10-17T10:24:00.000000,38.450802,-123.120909,,ASSAULT - OTHER,CHILD ABUS,0.0,0.020802000000003318,0.0,0.0,0.020802000000003318
marin_county_sheriff_ca:SO200002422,marin_county_sheriff_ca,2020-09-22T18:04:00.000000,38.450775,-123.121242,,ALL OTHER - NON-CRIMINAL,ACHP,0.0,0.020775000000000432,0.0,0.0,0.020775000000000432
marin_county_sheriff_ca:SO210002060,marin_county_sheriff_ca,2021-07-26T19:51:00.000000,38.450775,-123.121242,,ALL OTHER - CRIMINAL,DOM VIOL,0.0,0.020775000000000432,0.0,0.0,0.020775000000000432
marin_county_sheriff_ca:SO260001785,marin_county_sheriff_ca,2026-07-16T21:19:00.000000,38.447447,-122.654295,,ALL OTHER - NON-CRIMINAL,ALAW,0.0,0.017446999999997104,0.0,0.0,0.017446999999997104
marin_county_sheriff_ca:SO140000684,marin_county_sheriff_ca,2014-02-05T15:07:00.000000,37.769879,-122.223232,,MOTOR VEHICLE THEFT,VEH STLN,0.0,0.0,0.0,0.016767999999999006,0.016767999999999006
marin_county_sheriff_ca:SO230001289,marin_county_sheriff_ca,2023-05-15T16:35:00.000000,38.443052,-123.125586,,ALL OTHER - NON-CRIMINAL,MISS PERS,0.0,0.01305200000000184,0.0,0.0,0.01305200000000184
marin_county_sheriff_ca:SO170003655,marin_county_sheriff_ca,2017-11-18T05:37:00.000000,38.439361,-122.705117,,ALL OTHER - NON-CRIMINAL,ALAW,0.0,0.009360999999998398,0.0,0.0,0.009360999999998398
marin_county_sheriff_ca:SO190002241,marin_county_sheriff_ca,2019-07-30T15:00:00.000000,38.433315,-122.717498,,WEAPONS VIOLATION,WEAPONS,0.0,0.003315000000000623,0.0,0.0,0.003315000000000623
